run_id,timestamp,monitor_cycle,device_id,decision,action_sent,device_status,trigger_metric,trigger_avg,trigger_threshold,reason_count
run_1,1773412438.9499981,1,device-1,allow,0,active,,,,0
run_1,1773412438.9499981,1,device-2,allow,0,active,,,,0
run_1,1773412443.9584823,2,device-1,allow,0,active,,,,0
run_1,1773412443.9584823,2,device-2,allow,0,active,,,,0
run_1,1773412443.9584823,2,device-3,allow,0,active,,,,0
run_1,1773412448.9680352,3,device-1,allow,0,active,,,,0
run_1,1773412448.9680352,3,device-2,allow,0,active,,,,0
run_1,1773412448.9680352,3,device-3,allow,0,active,,,,0
run_1,1773412453.9776263,4,device-1,allow,0,active,,,,0
run_1,1773412453.9776263,4,device-2,allow,0,active,,,,0
run_1,1773412453.9776263,4,device-3,allow,0,active,,,,0
run_1,1773412458.9873495,5,device-1,allow,0,active,,,,0
run_1,1773412458.9873495,5,device-2,allow,0,active,,,,0
run_1,1773412458.9873495,5,device-3,quarantine,1,active,cpu_load,70.9341,70.0,1
run_1,1773412464.003907,6,device-1,allow,0,active,,,,0
run_1,1773412464.003907,6,device-2,allow,0,active,,,,0
run_1,1773412469.015354,7,device-1,allow,0,active,,,,0
run_1,1773412469.015354,7,device-2,allow,0,active,,,,0
run_2,1773412479.3483343,2,device-1,allow,0,active,,,,0
run_2,1773412479.3483343,2,device-2,allow,0,active,,,,0
run_2,1773412479.3483343,2,device-3,allow,0,active,,,,0
run_2,1773412484.3572807,3,device-1,allow,0,active,,,,0
run_2,1773412484.3572807,3,device-2,allow,0,active,,,,0
run_2,1773412484.3572807,3,device-3,allow,0,active,,,,0
run_2,1773412489.3668036,4,device-1,allow,0,active,,,,0
run_2,1773412489.3668036,4,device-2,allow,0,active,,,,0
run_2,1773412489.3668036,4,device-3,allow,0,active,,,,0
run_2,1773412494.3766093,5,device-1,allow,0,active,,,,0
run_2,1773412494.3766093,5,device-2,allow,0,active,,,,0
run_2,1773412494.3766093,5,device-3,allow,0,active,,,,0
run_2,1773412499.387251,6,device-1,allow,0,active,,,,0
run_2,1773412499.387251,6,device-2,allow,0,active,,,,0
run_2,1773412499.387251,6,device-3,allow,0,active,,,,0
run_2,1773412504.3974915,7,device-1,allow,0,active,,,,0
run_2,1773412504.3974915,7,device-2,allow,0,active,,,,0
run_2,1773412504.3974915,7,device-3,allow,0,active,,,,0
run_3,1773412514.970666,2,device-1,allow,0,active,,,,0
run_3,1773412514.970666,2,device-2,allow,0,active,,,,0
run_3,1773412514.970666,2,device-3,allow,0,active,,,,0
run_3,1773412519.9808156,3,device-1,allow,0,active,,,,0
run_3,1773412519.9808156,3,device-2,allow,0,active,,,,0
run_3,1773412519.9808156,3,device-3,allow,0,active,,,,0
run_3,1773412524.9911165,4,device-1,allow,0,active,,,,0
run_3,1773412524.9911165,4,device-2,allow,0,active,,,,0
run_3,1773412524.9911165,4,device-3,allow,0,active,,,,0
run_3,1773412530.0015287,5,device-1,allow,0,active,,,,0
run_3,1773412530.0015287,5,device-2,quarantine,1,active,traffic_rate,91.0788,70.0,4
run_3,1773412530.0015287,5,device-3,allow,0,active,,,,0
run_3,1773412535.018824,6,device-1,allow,0,active,,,,0
run_3,1773412535.018824,6,device-3,allow,0,active,,,,0
run_3,1773412540.0287168,7,device-1,allow,0,active,,,,0
run_3,1773412540.0287168,7,device-3,allow,0,active,,,,0
run_4,1773412550.482011,2,device-1,allow,0,active,,,,0
run_4,1773412550.482011,2,device-2,allow,0,active,,,,0
run_4,1773412550.482011,2,device-3,allow,0,active,,,,0
run_4,1773412555.4905477,3,device-1,allow,0,active,,,,0
run_4,1773412555.4905477,3,device-2,allow,0,active,,,,0
run_4,1773412555.4905477,3,device-3,allow,0,active,,,,0
run_4,1773412560.5007312,4,device-1,allow,0,active,,,,0
run_4,1773412560.5007312,4,device-2,allow,0,active,,,,0
run_4,1773412560.5007312,4,device-3,allow,0,active,,,,0
run_4,1773412565.5102282,5,device-1,allow,0,active,,,,0
run_4,1773412565.5102282,5,device-2,allow,0,active,,,,0
run_4,1773412565.5102282,5,device-3,allow,0,active,,,,0
run_4,1773412570.5201283,6,device-1,allow,0,active,,,,0
run_4,1773412570.5201283,6,device-2,allow,0,active,,,,0
run_4,1773412570.5201283,6,device-3,allow,0,active,,,,0
run_4,1773412575.531204,7,device-1,allow,0,active,,,,0
run_4,1773412575.531204,7,device-2,allow,0,active,,,,0
run_4,1773412575.531204,7,device-3,allow,0,active,,,,0
run_5,1773412585.921457,2,device-1,allow,0,active,,,,0
run_5,1773412585.921457,2,device-2,allow,0,active,,,,0
run_5,1773412585.921457,2,device-3,allow,0,active,,,,0
run_5,1773412590.9301355,3,device-1,allow,0,active,,,,0
run_5,1773412590.9301355,3,device-2,allow,0,active,,,,0
run_5,1773412590.9301355,3,device-3,allow,0,active,,,,0
run_5,1773412595.9393754,4,device-1,allow,0,active,,,,0
run_5,1773412595.9393754,4,device-2,allow,0,active,,,,0
run_5,1773412595.9393754,4,device-3,allow,0,active,,,,0
run_5,1773412600.9494042,5,device-1,allow,0,active,,,,0
run_5,1773412600.9494042,5,device-2,allow,0,active,,,,0
run_5,1773412600.9494042,5,device-3,allow,0,active,,,,0
run_5,1773412605.959737,6,device-1,allow,0,active,,,,0
run_5,1773412605.959737,6,device-2,allow,0,active,,,,0
run_5,1773412605.959737,6,device-3,allow,0,active,,,,0
run_5,1773412610.9736896,7,device-1,allow,0,active,,,,0
run_5,1773412610.9736896,7,device-2,allow,0,active,,,,0
run_5,1773412610.9736896,7,device-3,allow,0,active,,,,0
run_6,1773412621.3697274,2,device-1,allow,0,active,,,,0
run_6,1773412621.3697274,2,device-2,allow,0,active,,,,0
run_6,1773412621.3697274,2,device-3,allow,0,active,,,,0
run_6,1773412626.3790312,3,device-1,allow,0,active,,,,0
run_6,1773412626.3790312,3,device-2,allow,0,active,,,,0
run_6,1773412626.3790312,3,device-3,allow,0,active,,,,0
run_6,1773412631.38817,4,device-1,allow,0,active,,,,0
run_6,1773412631.38817,4,device-2,allow,0,active,,,,0
run_6,1773412631.38817,4,device-3,allow,0,active,,,,0
run_6,1773412636.3976846,5,device-1,allow,0,active,,,,0
run_6,1773412636.3976846,5,device-2,allow,0,active,,,,0
run_6,1773412636.3976846,5,device-3,allow,0,active,,,,0
run_6,1773412641.4072523,6,device-1,allow,0,active,,,,0
run_6,1773412641.4072523,6,device-2,allow,0,active,,,,0
run_6,1773412641.4072523,6,device-3,allow,0,active,,,,0
run_6,1773412646.4177454,7,device-1,allow,0,active,,,,0
run_6,1773412646.4177454,7,device-2,allow,0,active,,,,0
run_6,1773412646.4177454,7,device-3,allow,0,active,,,,0
run_7,1773412656.847015,2,device-1,allow,0,active,,,,0
run_7,1773412656.847015,2,device-2,allow,0,active,,,,0
run_7,1773412656.847015,2,device-3,allow,0,active,,,,0
run_7,1773412661.856176,3,device-1,allow,0,active,,,,0
run_7,1773412661.856176,3,device-2,allow,0,active,,,,0
run_7,1773412661.856176,3,device-3,allow,0,active,,,,0
run_7,1773412666.8659298,4,device-1,allow,0,active,,,,0
run_7,1773412666.8659298,4,device-2,allow,0,active,,,,0
run_7,1773412666.8659298,4,device-3,allow,0,active,,,,0
run_7,1773412671.8756354,5,device-1,allow,0,active,,,,0
run_7,1773412671.8756354,5,device-2,quarantine,1,active,temperature,76.2324,75.0,1
run_7,1773412671.8756354,5,device-3,allow,0,active,,,,0
run_7,1773412676.894232,6,device-1,allow,0,active,,,,0
run_7,1773412676.894232,6,device-3,allow,0,active,,,,0
run_7,1773412681.9063067,7,device-1,allow,0,active,,,,0
run_7,1773412681.9063067,7,device-3,allow,0,active,,,,0
run_8,1773412692.3132613,2,device-1,allow,0,active,,,,0
run_8,1773412692.3132613,2,device-2,allow,0,active,,,,0
run_8,1773412692.3132613,2,device-3,allow,0,active,,,,0
run_8,1773412697.3216956,3,device-1,allow,0,active,,,,0
run_8,1773412697.3216956,3,device-2,allow,0,active,,,,0
run_8,1773412697.3216956,3,device-3,allow,0,active,,,,0
run_8,1773412702.3319068,4,device-1,allow,0,active,,,,0
run_8,1773412702.3319068,4,device-2,allow,0,active,,,,0
run_8,1773412702.3319068,4,device-3,allow,0,active,,,,0
run_8,1773412707.3417718,5,device-1,quarantine,1,active,traffic_rate,73.9154,70.0,2
run_8,1773412707.3417718,5,device-2,allow,0,active,,,,0
run_8,1773412707.3417718,5,device-3,quarantine,1,active,traffic_rate,76.6169,70.0,2
run_8,1773412712.3656647,6,device-2,allow,0,active,,,,0
run_8,1773412717.37708,7,device-2,allow,0,active,,,,0
run_9,1773412727.769929,2,device-1,allow,0,active,,,,0
run_9,1773412727.769929,2,device-2,allow,0,active,,,,0
run_9,1773412727.769929,2,device-3,allow,0,active,,,,0
run_9,1773412732.7794657,3,device-1,allow,0,active,,,,0
run_9,1773412732.7794657,3,device-2,allow,0,active,,,,0
run_9,1773412732.7794657,3,device-3,allow,0,active,,,,0
run_9,1773412737.788739,4,device-1,allow,0,active,,,,0
run_9,1773412737.788739,4,device-2,allow,0,active,,,,0
run_9,1773412737.788739,4,device-3,allow,0,active,,,,0
run_9,1773412742.7991114,5,device-1,allow,0,active,,,,0
run_9,1773412742.7991114,5,device-2,allow,0,active,,,,0
run_9,1773412742.7991114,5,device-3,allow,0,active,,,,0
run_9,1773412747.8118954,6,device-1,allow,0,active,,,,0
run_9,1773412747.8118954,6,device-2,allow,0,active,,,,0
run_9,1773412747.8118954,6,device-3,allow,0,active,,,,0
run_9,1773412752.8213134,7,device-1,allow,0,active,,,,0
run_9,1773412752.8213134,7,device-2,allow,0,active,,,,0
run_9,1773412752.8213134,7,device-3,allow,0,active,,,,0
run_10,1773412763.1320684,2,device-1,allow,0,active,,,,0
run_10,1773412763.1320684,2,device-2,allow,0,active,,,,0
run_10,1773412763.1320684,2,device-3,allow,0,active,,,,0
run_10,1773412768.1409132,3,device-1,allow,0,active,,,,0
run_10,1773412768.1409132,3,device-2,allow,0,active,,,,0
run_10,1773412768.1409132,3,device-3,allow,0,active,,,,0
run_10,1773412773.1511517,4,device-1,allow,0,active,,,,0
run_10,1773412773.1511517,4,device-2,allow,0,active,,,,0
run_10,1773412773.1511517,4,device-3,allow,0,active,,,,0
run_10,1773412778.1639922,5,device-1,allow,0,active,,,,0
run_10,1773412778.1639922,5,device-2,quarantine,1,active,traffic_rate,79.3285,70.0,2
run_10,1773412778.1639922,5,device-3,allow,0,active,,,,0
run_10,1773412783.1853917,6,device-1,allow,0,active,,,,0
run_10,1773412783.1853917,6,device-3,allow,0,active,,,,0
run_10,1773412788.1961808,7,device-1,allow,0,active,,,,0
run_10,1773412788.1961808,7,device-3,allow,0,active,,,,0
run_11,1773412798.4216208,2,device-1,allow,0,active,,,,0
run_11,1773412798.4216208,2,device-2,allow,0,active,,,,0
run_11,1773412798.4216208,2,device-3,allow,0,active,,,,0
run_11,1773412803.4305365,3,device-1,allow,0,active,,,,0
run_11,1773412803.4305365,3,device-2,allow,0,active,,,,0
run_11,1773412803.4305365,3,device-3,allow,0,active,,,,0
run_11,1773412808.4404798,4,device-1,allow,0,active,,,,0
run_11,1773412808.4404798,4,device-2,allow,0,active,,,,0
run_11,1773412808.4404798,4,device-3,allow,0,active,,,,0
run_11,1773412813.4496722,5,device-1,quarantine,1,active,traffic_rate,74.7123,70.0,2
run_11,1773412813.4496722,5,device-2,allow,0,active,,,,0
run_11,1773412813.4496722,5,device-3,allow,0,active,,,,0
run_11,1773412818.467437,6,device-2,allow,0,active,,,,0
run_11,1773412818.467437,6,device-3,allow,0,active,,,,0
run_11,1773412823.4774575,7,device-2,allow,0,active,,,,0
run_11,1773412823.4774575,7,device-3,allow,0,active,,,,0
run_12,1773412833.963395,2,device-1,allow,0,active,,,,0
run_12,1773412833.963395,2,device-2,allow,0,active,,,,0
run_12,1773412833.963395,2,device-3,allow,0,active,,,,0
run_12,1773412838.9729533,3,device-1,allow,0,active,,,,0
run_12,1773412838.9729533,3,device-2,allow,0,active,,,,0
run_12,1773412838.9729533,3,device-3,allow,0,active,,,,0
run_12,1773412843.9823503,4,device-1,allow,0,active,,,,0
run_12,1773412843.9823503,4,device-2,allow,0,active,,,,0
run_12,1773412843.9823503,4,device-3,allow,0,active,,,,0
run_12,1773412848.9935594,5,device-1,quarantine,1,active,traffic_rate,76.8569,70.0,3
run_12,1773412848.9935594,5,device-2,allow,0,active,,,,0
run_12,1773412848.9935594,5,device-3,allow,0,active,,,,0
run_12,1773412854.013538,6,device-2,allow,0,active,,,,0
run_12,1773412854.013538,6,device-3,allow,0,active,,,,0
run_12,1773412859.0242827,7,device-2,allow,0,active,,,,0
run_12,1773412859.0242827,7,device-3,allow,0,active,,,,0
run_13,1773412869.1341472,2,device-1,allow,0,active,,,,0
run_13,1773412869.1341472,2,device-2,allow,0,active,,,,0
run_13,1773412869.1341472,2,device-3,allow,0,active,,,,0
run_13,1773412874.1441023,3,device-1,allow,0,active,,,,0
run_13,1773412874.1441023,3,device-2,allow,0,active,,,,0
run_13,1773412874.1441023,3,device-3,allow,0,active,,,,0
run_13,1773412879.155781,4,device-1,allow,0,active,,,,0
run_13,1773412879.155781,4,device-2,allow,0,active,,,,0
run_13,1773412879.155781,4,device-3,allow,0,active,,,,0
run_13,1773412884.1648858,5,device-1,allow,0,active,,,,0
run_13,1773412884.1648858,5,device-2,quarantine,1,active,traffic_rate,88.924,70.0,4
run_13,1773412884.1648858,5,device-3,allow,0,active,,,,0
run_13,1773412889.181487,6,device-1,allow,0,active,,,,0
run_13,1773412889.181487,6,device-3,allow,0,active,,,,0
run_13,1773412894.1914973,7,device-1,allow,0,active,,,,0
run_13,1773412894.1914973,7,device-3,allow,0,active,,,,0
run_14,1773412904.4775681,2,device-1,allow,0,active,,,,0
run_14,1773412904.4775681,2,device-2,allow,0,active,,,,0
run_14,1773412904.4775681,2,device-3,allow,0,active,,,,0
run_14,1773412909.4866707,3,device-1,allow,0,active,,,,0
run_14,1773412909.4866707,3,device-2,allow,0,active,,,,0
run_14,1773412909.4866707,3,device-3,allow,0,active,,,,0
run_14,1773412914.4958467,4,device-1,allow,0,active,,,,0
run_14,1773412914.4958467,4,device-2,allow,0,active,,,,0
run_14,1773412914.4958467,4,device-3,allow,0,active,,,,0
run_14,1773412919.5055168,5,device-1,allow,0,active,,,,0
run_14,1773412919.5055168,5,device-2,quarantine,1,active,traffic_rate,91.0394,70.0,4
run_14,1773412919.5055168,5,device-3,allow,0,active,,,,0
run_14,1773412924.5247822,6,device-1,allow,0,active,,,,0
run_14,1773412924.5247822,6,device-3,allow,0,active,,,,0
run_14,1773412929.5349956,7,device-1,allow,0,active,,,,0
run_14,1773412929.5349956,7,device-3,allow,0,active,,,,0
run_15,1773412939.9184027,2,device-1,allow,0,active,,,,0
run_15,1773412939.9184027,2,device-2,allow,0,active,,,,0
run_15,1773412939.9184027,2,device-3,allow,0,active,,,,0
run_15,1773412944.9273355,3,device-1,allow,0,active,,,,0
run_15,1773412944.9273355,3,device-2,allow,0,active,,,,0
run_15,1773412944.9273355,3,device-3,allow,0,active,,,,0
run_15,1773412949.9367673,4,device-1,allow,0,active,,,,0
run_15,1773412949.9367673,4,device-2,allow,0,active,,,,0
run_15,1773412949.9367673,4,device-3,allow,0,active,,,,0
run_15,1773412954.946848,5,device-1,quarantine,1,active,traffic_rate,76.1296,70.0,3
run_15,1773412954.946848,5,device-2,quarantine,1,active,traffic_rate,77.0379,70.0,3
run_15,1773412954.946848,5,device-3,allow,0,active,,,,0
run_15,1773412959.9719193,6,device-3,allow,0,active,,,,0
run_15,1773412964.982441,7,device-3,allow,0,active,,,,0
run_16,1773412975.2976258,2,device-1,allow,0,active,,,,0
run_16,1773412975.2976258,2,device-2,allow,0,active,,,,0
run_16,1773412975.2976258,2,device-3,allow,0,active,,,,0
run_16,1773412980.306701,3,device-1,allow,0,active,,,,0
run_16,1773412980.306701,3,device-2,allow,0,active,,,,0
run_16,1773412980.306701,3,device-3,allow,0,active,,,,0
run_16,1773412985.3166354,4,device-1,allow,0,active,,,,0
run_16,1773412985.3166354,4,device-2,allow,0,active,,,,0
run_16,1773412985.3166354,4,device-3,allow,0,active,,,,0
run_16,1773412990.3274567,5,device-1,quarantine,1,active,traffic_rate,92.3675,70.0,5
run_16,1773412990.3274567,5,device-2,allow,0,active,,,,0
run_16,1773412990.3274567,5,device-3,allow,0,active,,,,0
run_16,1773412995.3451972,6,device-2,allow,0,active,,,,0
run_16,1773412995.3451972,6,device-3,allow,0,active,,,,0
run_16,1773413000.3544133,7,device-2,allow,0,active,,,,0
run_16,1773413000.3544133,7,device-3,allow,0,active,,,,0
run_17,1773413010.752446,2,device-1,allow,0,active,,,,0
run_17,1773413010.752446,2,device-2,allow,0,active,,,,0
run_17,1773413010.752446,2,device-3,allow,0,active,,,,0
run_17,1773413015.7616537,3,device-1,allow,0,active,,,,0
run_17,1773413015.7616537,3,device-2,allow,0,active,,,,0
run_17,1773413015.7616537,3,device-3,allow,0,active,,,,0
run_17,1773413020.7711103,4,device-1,allow,0,active,,,,0
run_17,1773413020.7711103,4,device-2,allow,0,active,,,,0
run_17,1773413020.7711103,4,device-3,allow,0,active,,,,0
run_17,1773413025.7805812,5,device-1,allow,0,active,,,,0
run_17,1773413025.7805812,5,device-2,allow,0,active,,,,0
run_17,1773413025.7805812,5,device-3,allow,0,active,,,,0
run_17,1773413030.7912364,6,device-1,allow,0,active,,,,0
run_17,1773413030.7912364,6,device-2,allow,0,active,,,,0
run_17,1773413030.7912364,6,device-3,allow,0,active,,,,0
run_17,1773413035.80317,7,device-1,allow,0,active,,,,0
run_17,1773413035.80317,7,device-2,allow,0,active,,,,0
run_17,1773413035.80317,7,device-3,allow,0,active,,,,0
run_18,1773413046.2441587,2,device-1,allow,0,active,,,,0
run_18,1773413046.2441587,2,device-2,allow,0,active,,,,0
run_18,1773413046.2441587,2,device-3,allow,0,active,,,,0
run_18,1773413051.2526405,3,device-1,allow,0,active,,,,0
run_18,1773413051.2526405,3,device-2,allow,0,active,,,,0
run_18,1773413051.2526405,3,device-3,allow,0,active,,,,0
run_18,1773413056.2631133,4,device-1,allow,0,active,,,,0
run_18,1773413056.2631133,4,device-2,allow,0,active,,,,0
run_18,1773413056.2631133,4,device-3,allow,0,active,,,,0
run_18,1773413061.2744474,5,device-1,quarantine,1,active,traffic_rate,90.5796,70.0,5
run_18,1773413061.2744474,5,device-2,allow,0,active,,,,0
run_18,1773413061.2744474,5,device-3,allow,0,active,,,,0
run_18,1773413066.293764,6,device-2,allow,0,active,,,,0
run_18,1773413066.293764,6,device-3,allow,0,active,,,,0
run_18,1773413071.3031409,7,device-2,allow,0,active,,,,0
run_18,1773413071.3031409,7,device-3,allow,0,active,,,,0
run_19,1773413081.6290572,2,device-1,allow,0,active,,,,0
run_19,1773413081.6290572,2,device-2,allow,0,active,,,,0
run_19,1773413081.6290572,2,device-3,allow,0,active,,,,0
run_19,1773413086.638749,3,device-1,allow,0,active,,,,0
run_19,1773413086.638749,3,device-2,allow,0,active,,,,0
run_19,1773413086.638749,3,device-3,allow,0,active,,,,0
run_19,1773413091.6489456,4,device-1,allow,0,active,,,,0
run_19,1773413091.6489456,4,device-2,allow,0,active,,,,0
run_19,1773413091.6489456,4,device-3,allow,0,active,,,,0
run_19,1773413096.6619382,5,device-1,allow,0,active,,,,0
run_19,1773413096.6619382,5,device-2,allow,0,active,,,,0
run_19,1773413096.6619382,5,device-3,allow,0,active,,,,0
run_19,1773413101.671334,6,device-1,allow,0,active,,,,0
run_19,1773413101.671334,6,device-2,allow,0,active,,,,0
run_19,1773413101.671334,6,device-3,allow,0,active,,,,0
run_19,1773413106.6816301,7,device-1,allow,0,active,,,,0
run_19,1773413106.6816301,7,device-2,allow,0,active,,,,0
run_19,1773413106.6816301,7,device-3,allow,0,active,,,,0
run_20,1773413117.0924697,2,device-1,allow,0,active,,,,0
run_20,1773413117.0924697,2,device-2,allow,0,active,,,,0
run_20,1773413117.0924697,2,device-3,allow,0,active,,,,0
run_20,1773413122.102865,3,device-1,allow,0,active,,,,0
run_20,1773413122.102865,3,device-2,allow,0,active,,,,0
run_20,1773413122.102865,3,device-3,allow,0,active,,,,0
run_20,1773413127.1120749,4,device-1,allow,0,active,,,,0
run_20,1773413127.1120749,4,device-2,allow,0,active,,,,0
run_20,1773413127.1120749,4,device-3,allow,0,active,,,,0
run_20,1773413132.1245286,5,device-1,allow,0,active,,,,0
run_20,1773413132.1245286,5,device-2,allow,0,active,,,,0
run_20,1773413132.1245286,5,device-3,allow,0,active,,,,0
run_20,1773413137.1366062,6,device-1,allow,0,active,,,,0
run_20,1773413137.1366062,6,device-2,allow,0,active,,,,0
run_20,1773413137.1366062,6,device-3,allow,0,active,,,,0
run_20,1773413142.1461797,7,device-1,allow,0,active,,,,0
run_20,1773413142.1461797,7,device-2,allow,0,active,,,,0
run_20,1773413142.1461797,7,device-3,allow,0,active,,,,0
run_21,1773413152.534547,2,device-1,allow,0,active,,,,0
run_21,1773413152.534547,2,device-2,allow,0,active,,,,0
run_21,1773413152.534547,2,device-3,allow,0,active,,,,0
run_21,1773413157.5447588,3,device-1,allow,0,active,,,,0
run_21,1773413157.5447588,3,device-2,allow,0,active,,,,0
run_21,1773413157.5447588,3,device-3,allow,0,active,,,,0
run_21,1773413162.5546167,4,device-1,allow,0,active,,,,0
run_21,1773413162.5546167,4,device-2,allow,0,active,,,,0
run_21,1773413162.5546167,4,device-3,allow,0,active,,,,0
run_21,1773413167.5646262,5,device-1,allow,0,active,,,,0
run_21,1773413167.5646262,5,device-2,quarantine,1,active,traffic_rate,89.154,70.0,4
run_21,1773413167.5646262,5,device-3,quarantine,1,active,traffic_rate,90.9541,70.0,4
run_21,1773413172.5901484,6,device-1,allow,0,active,,,,0
run_21,1773413177.600381,7,device-1,allow,0,active,,,,0
run_22,1773413187.9611685,2,device-1,allow,0,active,,,,0
run_22,1773413187.9611685,2,device-2,allow,0,active,,,,0
run_22,1773413187.9611685,2,device-3,allow,0,active,,,,0
run_22,1773413192.9703944,3,device-1,allow,0,active,,,,0
run_22,1773413192.9703944,3,device-2,allow,0,active,,,,0
run_22,1773413192.9703944,3,device-3,allow,0,active,,,,0
run_22,1773413197.9792352,4,device-1,allow,0,active,,,,0
run_22,1773413197.9792352,4,device-2,allow,0,active,,,,0
run_22,1773413197.9792352,4,device-3,allow,0,active,,,,0
run_22,1773413202.9908655,5,device-1,allow,0,active,,,,0
run_22,1773413202.9908655,5,device-2,allow,0,active,,,,0
run_22,1773413202.9908655,5,device-3,allow,0,active,,,,0
run_22,1773413208.0013034,6,device-1,allow,0,active,,,,0
run_22,1773413208.0013034,6,device-2,allow,0,active,,,,0
run_22,1773413208.0013034,6,device-3,allow,0,active,,,,0
run_22,1773413213.0105925,7,device-1,allow,0,active,,,,0
run_22,1773413213.0105925,7,device-2,allow,0,active,,,,0
run_22,1773413213.0105925,7,device-3,allow,0,active,,,,0
run_23,1773413223.3641021,2,device-1,allow,0,active,,,,0
run_23,1773413223.3641021,2,device-2,allow,0,active,,,,0
run_23,1773413223.3641021,2,device-3,allow,0,active,,,,0
run_23,1773413228.3729088,3,device-1,allow,0,active,,,,0
run_23,1773413228.3729088,3,device-2,allow,0,active,,,,0
run_23,1773413228.3729088,3,device-3,allow,0,active,,,,0
run_23,1773413233.3826838,4,device-1,allow,0,active,,,,0
run_23,1773413233.3826838,4,device-2,allow,0,active,,,,0
run_23,1773413233.3826838,4,device-3,allow,0,active,,,,0
run_23,1773413238.3937943,5,device-1,allow,0,active,,,,0
run_23,1773413238.3937943,5,device-2,allow,0,active,,,,0
run_23,1773413238.3937943,5,device-3,quarantine,1,active,traffic_rate,77.4915,70.0,2
run_23,1773413243.4133773,6,device-1,allow,0,active,,,,0
run_23,1773413243.4133773,6,device-2,allow,0,active,,,,0
run_23,1773413248.425847,7,device-1,allow,0,active,,,,0
run_23,1773413248.425847,7,device-2,allow,0,active,,,,0
run_24,1773413258.8359885,2,device-1,allow,0,active,,,,0
run_24,1773413258.8359885,2,device-2,allow,0,active,,,,0
run_24,1773413258.8359885,2,device-3,allow,0,active,,,,0
run_24,1773413263.8456643,3,device-1,allow,0,active,,,,0
run_24,1773413263.8456643,3,device-2,allow,0,active,,,,0
run_24,1773413263.8456643,3,device-3,allow,0,active,,,,0
run_24,1773413268.8547308,4,device-1,allow,0,active,,,,0
run_24,1773413268.8547308,4,device-2,allow,0,active,,,,0
run_24,1773413268.8547308,4,device-3,allow,0,active,,,,0
run_24,1773413273.8652153,5,device-1,allow,0,active,,,,0
run_24,1773413273.8652153,5,device-2,quarantine,1,active,traffic_rate,91.69,70.0,4
run_24,1773413273.8652153,5,device-3,quarantine,1,active,traffic_rate,90.1188,70.0,4
run_24,1773413278.8889048,6,device-1,allow,0,active,,,,0
run_24,1773413283.898388,7,device-1,allow,0,active,,,,0
run_25,1773413294.2269814,2,device-1,allow,0,active,,,,0
run_25,1773413294.2269814,2,device-2,allow,0,active,,,,0
run_25,1773413294.2269814,2,device-3,allow,0,active,,,,0
run_25,1773413299.2357378,3,device-1,allow,0,active,,,,0
run_25,1773413299.2357378,3,device-2,allow,0,active,,,,0
run_25,1773413299.2357378,3,device-3,allow,0,active,,,,0
run_25,1773413304.24645,4,device-1,allow,0,active,,,,0
run_25,1773413304.24645,4,device-2,allow,0,active,,,,0
run_25,1773413304.24645,4,device-3,allow,0,active,,,,0
run_25,1773413309.257493,5,device-1,allow,0,active,,,,0
run_25,1773413309.257493,5,device-2,allow,0,active,,,,0
run_25,1773413309.257493,5,device-3,allow,0,active,,,,0
run_25,1773413314.2692482,6,device-1,allow,0,active,,,,0
run_25,1773413314.2692482,6,device-2,allow,0,active,,,,0
run_25,1773413314.2692482,6,device-3,allow,0,active,,,,0
run_25,1773413319.2799025,7,device-1,allow,0,active,,,,0
run_25,1773413319.2799025,7,device-2,allow,0,active,,,,0
run_25,1773413319.2799025,7,device-3,allow,0,active,,,,0
run_26,1773413329.736889,2,device-1,allow,0,active,,,,0
run_26,1773413329.736889,2,device-2,allow,0,active,,,,0
run_26,1773413329.736889,2,device-3,allow,0,active,,,,0
run_26,1773413334.7509542,3,device-1,allow,0,active,,,,0
run_26,1773413334.7509542,3,device-2,allow,0,active,,,,0
run_26,1773413334.7509542,3,device-3,allow,0,active,,,,0
run_26,1773413339.7626026,4,device-1,allow,0,active,,,,0
run_26,1773413339.7626026,4,device-2,allow,0,active,,,,0
run_26,1773413339.7626026,4,device-3,allow,0,active,,,,0
run_26,1773413344.7722695,5,device-1,quarantine,1,active,traffic_rate,73.4211,70.0,2
run_26,1773413344.7722695,5,device-2,allow,0,active,,,,0
run_26,1773413344.7722695,5,device-3,quarantine,1,active,traffic_rate,75.3731,70.0,2
run_26,1773413349.7983067,6,device-2,allow,0,active,,,,0
run_26,1773413354.8074896,7,device-2,allow,0,active,,,,0
run_27,1773413365.0936515,2,device-1,allow,0,active,,,,0
run_27,1773413365.0936515,2,device-2,allow,0,active,,,,0
run_27,1773413365.0936515,2,device-3,allow,0,active,,,,0
run_27,1773413370.1025748,3,device-1,allow,0,active,,,,0
run_27,1773413370.1025748,3,device-2,allow,0,active,,,,0
run_27,1773413370.1025748,3,device-3,allow,0,active,,,,0
run_27,1773413375.1120768,4,device-1,allow,0,active,,,,0
run_27,1773413375.1120768,4,device-2,allow,0,active,,,,0
run_27,1773413375.1120768,4,device-3,allow,0,active,,,,0
run_27,1773413380.1238816,5,device-1,allow,0,active,,,,0
run_27,1773413380.1238816,5,device-2,allow,0,active,,,,0
run_27,1773413380.1238816,5,device-3,allow,0,active,,,,0
run_27,1773413385.13303,6,device-1,allow,0,active,,,,0
run_27,1773413385.13303,6,device-2,allow,0,active,,,,0
run_27,1773413385.13303,6,device-3,allow,0,active,,,,0
run_27,1773413390.1427276,7,device-1,allow,0,active,,,,0
run_27,1773413390.1427276,7,device-2,allow,0,active,,,,0
run_27,1773413390.1427276,7,device-3,allow,0,active,,,,0
run_28,1773413408.4791567,2,device-1,allow,0,active,,,,0
run_28,1773413408.4791567,2,device-2,allow,0,active,,,,0
run_28,1773413408.4791567,2,device-3,allow,0,active,,,,0
run_28,1773413413.4893115,3,device-1,allow,0,active,,,,0
run_28,1773413413.4893115,3,device-2,allow,0,active,,,,0
run_28,1773413413.4893115,3,device-3,allow,0,active,,,,0
run_28,1773413418.498338,4,device-1,allow,0,active,,,,0
run_28,1773413418.498338,4,device-2,allow,0,active,,,,0
run_28,1773413418.498338,4,device-3,allow,0,active,,,,0
run_28,1773413423.5078886,5,device-1,allow,0,active,,,,0
run_28,1773413423.5078886,5,device-2,allow,0,active,,,,0
run_28,1773413423.5078886,5,device-3,allow,0,active,,,,0
run_28,1773413428.5173957,6,device-1,allow,0,active,,,,0
run_28,1773413428.5173957,6,device-2,allow,0,active,,,,0
run_28,1773413428.5173957,6,device-3,allow,0,active,,,,0
run_28,1773413433.5264556,7,device-1,allow,0,active,,,,0
run_28,1773413433.5264556,7,device-2,allow,0,active,,,,0
run_28,1773413433.5264556,7,device-3,allow,0,active,,,,0
run_29,1773413443.8181815,2,device-1,allow,0,active,,,,0
run_29,1773413443.8181815,2,device-2,allow,0,active,,,,0
run_29,1773413443.8181815,2,device-3,allow,0,active,,,,0
run_29,1773413448.8290086,3,device-1,allow,0,active,,,,0
run_29,1773413448.8290086,3,device-2,allow,0,active,,,,0
run_29,1773413448.8290086,3,device-3,allow,0,active,,,,0
run_29,1773413453.8389156,4,device-1,allow,0,active,,,,0
run_29,1773413453.8389156,4,device-2,allow,0,active,,,,0
run_29,1773413453.8389156,4,device-3,allow,0,active,,,,0
run_29,1773413458.8489506,5,device-1,quarantine,1,active,traffic_rate,88.0187,70.0,5
run_29,1773413458.8489506,5,device-2,allow,0,active,,,,0
run_29,1773413458.8489506,5,device-3,quarantine,1,active,traffic_rate,87.2592,70.0,4
run_29,1773413463.8729694,6,device-2,allow,0,active,,,,0
run_29,1773413468.8827617,7,device-2,allow,0,active,,,,0
run_30,1773413479.17884,2,device-1,allow,0,active,,,,0
run_30,1773413479.17884,2,device-2,allow,0,active,,,,0
run_30,1773413479.17884,2,device-3,allow,0,active,,,,0
run_30,1773413484.1889474,3,device-1,allow,0,active,,,,0
run_30,1773413484.1889474,3,device-2,allow,0,active,,,,0
run_30,1773413484.1889474,3,device-3,allow,0,active,,,,0
run_30,1773413489.198009,4,device-1,allow,0,active,,,,0
run_30,1773413489.198009,4,device-2,allow,0,active,,,,0
run_30,1773413489.198009,4,device-3,allow,0,active,,,,0
run_30,1773413494.2078872,5,device-1,quarantine,1,active,traffic_rate,96.7739,70.0,5
run_30,1773413494.2078872,5,device-2,quarantine,1,active,traffic_rate,91.5312,70.0,4
run_30,1773413494.2078872,5,device-3,allow,0,active,,,,0
run_30,1773413499.2351077,6,device-3,allow,0,active,,,,0
run_30,1773413504.2458334,7,device-3,allow,0,active,,,,0
run_31,1773413514.6873145,2,device-1,allow,0,active,,,,0
run_31,1773413514.6873145,2,device-2,allow,0,active,,,,0
run_31,1773413514.6873145,2,device-3,allow,0,active,,,,0
run_31,1773413519.6970289,3,device-1,allow,0,active,,,,0
run_31,1773413519.6970289,3,device-2,allow,0,active,,,,0
run_31,1773413519.6970289,3,device-3,allow,0,active,,,,0
run_31,1773413524.7066724,4,device-1,allow,0,active,,,,0
run_31,1773413524.7066724,4,device-2,allow,0,active,,,,0
run_31,1773413524.7066724,4,device-3,allow,0,active,,,,0
run_31,1773413529.71722,5,device-1,allow,0,active,,,,0
run_31,1773413529.71722,5,device-2,allow,0,active,,,,0
run_31,1773413529.71722,5,device-3,allow,0,active,,,,0
run_31,1773413534.727474,6,device-1,allow,0,active,,,,0
run_31,1773413534.727474,6,device-2,allow,0,active,,,,0
run_31,1773413534.727474,6,device-3,allow,0,active,,,,0
run_31,1773413539.737348,7,device-1,allow,0,active,,,,0
run_31,1773413539.737348,7,device-2,allow,0,active,,,,0
run_31,1773413539.737348,7,device-3,allow,0,active,,,,0
run_32,1773413549.9944384,2,device-1,allow,0,active,,,,0
run_32,1773413549.9944384,2,device-2,allow,0,active,,,,0
run_32,1773413549.9944384,2,device-3,allow,0,active,,,,0
run_32,1773413555.0046299,3,device-1,allow,0,active,,,,0
run_32,1773413555.0046299,3,device-2,allow,0,active,,,,0
run_32,1773413555.0046299,3,device-3,allow,0,active,,,,0
run_32,1773413560.0148797,4,device-1,allow,0,active,,,,0
run_32,1773413560.0148797,4,device-2,allow,0,active,,,,0
run_32,1773413560.0148797,4,device-3,allow,0,active,,,,0
run_32,1773413565.0243378,5,device-1,allow,0,active,,,,0
run_32,1773413565.0243378,5,device-2,allow,0,active,,,,0
run_32,1773413565.0243378,5,device-3,allow,0,active,,,,0
run_32,1773413570.0341938,6,device-1,allow,0,active,,,,0
run_32,1773413570.0341938,6,device-2,allow,0,active,,,,0
run_32,1773413570.0341938,6,device-3,allow,0,active,,,,0
run_32,1773413575.0432162,7,device-1,allow,0,active,,,,0
run_32,1773413575.0432162,7,device-2,allow,0,active,,,,0
run_32,1773413575.0432162,7,device-3,allow,0,active,,,,0
run_33,1773413585.2698064,2,device-1,allow,0,active,,,,0
run_33,1773413585.2698064,2,device-2,allow,0,active,,,,0
run_33,1773413585.2698064,2,device-3,allow,0,active,,,,0
run_33,1773413590.2788987,3,device-1,allow,0,active,,,,0
run_33,1773413590.2788987,3,device-2,allow,0,active,,,,0
run_33,1773413590.2788987,3,device-3,allow,0,active,,,,0
run_33,1773413595.2886562,4,device-1,allow,0,active,,,,0
run_33,1773413595.2886562,4,device-2,allow,0,active,,,,0
run_33,1773413595.2886562,4,device-3,allow,0,active,,,,0
run_33,1773413600.3001645,5,device-1,allow,0,active,,,,0
run_33,1773413600.3001645,5,device-2,allow,0,active,,,,0
run_33,1773413600.3001645,5,device-3,allow,0,active,,,,0
run_33,1773413605.3098087,6,device-1,allow,0,active,,,,0
run_33,1773413605.3098087,6,device-2,allow,0,active,,,,0
run_33,1773413605.3098087,6,device-3,allow,0,active,,,,0
run_33,1773413610.3191943,7,device-1,allow,0,active,,,,0
run_33,1773413610.3191943,7,device-2,allow,0,active,,,,0
run_33,1773413610.3191943,7,device-3,allow,0,active,,,,0
run_34,1773413620.5904672,2,device-1,allow,0,active,,,,0
run_34,1773413620.5904672,2,device-2,allow,0,active,,,,0
run_34,1773413620.5904672,2,device-3,allow,0,active,,,,0
run_34,1773413625.5992036,3,device-1,allow,0,active,,,,0
run_34,1773413625.5992036,3,device-2,allow,0,active,,,,0
run_34,1773413625.5992036,3,device-3,allow,0,active,,,,0
run_34,1773413630.607862,4,device-1,allow,0,active,,,,0
run_34,1773413630.607862,4,device-2,allow,0,active,,,,0
run_34,1773413630.607862,4,device-3,allow,0,active,,,,0
run_34,1773413635.6172488,5,device-1,allow,0,active,,,,0
run_34,1773413635.6172488,5,device-2,allow,0,active,,,,0
run_34,1773413635.6172488,5,device-3,allow,0,active,,,,0
run_34,1773413640.6270964,6,device-1,allow,0,active,,,,0
run_34,1773413640.6270964,6,device-2,allow,0,active,,,,0
run_34,1773413640.6270964,6,device-3,allow,0,active,,,,0
run_34,1773413645.637273,7,device-1,allow,0,active,,,,0
run_34,1773413645.637273,7,device-2,allow,0,active,,,,0
run_34,1773413645.637273,7,device-3,allow,0,active,,,,0
run_35,1773413656.0536249,2,device-1,allow,0,active,,,,0
run_35,1773413656.0536249,2,device-2,allow,0,active,,,,0
run_35,1773413656.0536249,2,device-3,allow,0,active,,,,0
run_35,1773413661.0625842,3,device-1,allow,0,active,,,,0
run_35,1773413661.0625842,3,device-2,allow,0,active,,,,0
run_35,1773413661.0625842,3,device-3,allow,0,active,,,,0
run_35,1773413666.071501,4,device-1,allow,0,active,,,,0
run_35,1773413666.071501,4,device-2,allow,0,active,,,,0
run_35,1773413666.071501,4,device-3,allow,0,active,,,,0
run_35,1773413671.0833755,5,device-1,allow,0,active,,,,0
run_35,1773413671.0833755,5,device-2,allow,0,active,,,,0
run_35,1773413671.0833755,5,device-3,allow,0,active,,,,0
run_35,1773413676.0936396,6,device-1,allow,0,active,,,,0
run_35,1773413676.0936396,6,device-2,allow,0,active,,,,0
run_35,1773413676.0936396,6,device-3,allow,0,active,,,,0
run_35,1773413681.1034987,7,device-1,allow,0,active,,,,0
run_35,1773413681.1034987,7,device-2,allow,0,active,,,,0
run_35,1773413681.1034987,7,device-3,allow,0,active,,,,0
run_36,1773413691.418526,2,device-1,allow,0,active,,,,0
run_36,1773413691.418526,2,device-2,allow,0,active,,,,0
run_36,1773413691.418526,2,device-3,allow,0,active,,,,0
run_36,1773413696.4269161,3,device-1,allow,0,active,,,,0
run_36,1773413696.4269161,3,device-2,allow,0,active,,,,0
run_36,1773413696.4269161,3,device-3,allow,0,active,,,,0
run_36,1773413701.4369636,4,device-1,allow,0,active,,,,0
run_36,1773413701.4369636,4,device-2,allow,0,active,,,,0
run_36,1773413701.4369636,4,device-3,allow,0,active,,,,0
run_36,1773413706.4503183,5,device-1,allow,0,active,,,,0
run_36,1773413706.4503183,5,device-2,allow,0,active,,,,0
run_36,1773413706.4503183,5,device-3,quarantine,1,active,traffic_rate,75.6084,70.0,3
run_36,1773413711.4715466,6,device-1,allow,0,active,,,,0
run_36,1773413711.4715466,6,device-2,allow,0,active,,,,0
run_36,1773413716.480549,7,device-1,allow,0,active,,,,0
run_36,1773413716.480549,7,device-2,allow,0,active,,,,0
run_37,1773413726.7603183,2,device-1,allow,0,active,,,,0
run_37,1773413726.7603183,2,device-2,allow,0,active,,,,0
run_37,1773413726.7603183,2,device-3,allow,0,active,,,,0
run_37,1773413731.7712111,3,device-1,allow,0,active,,,,0
run_37,1773413731.7712111,3,device-2,allow,0,active,,,,0
run_37,1773413731.7712111,3,device-3,allow,0,active,,,,0
run_37,1773413736.7805967,4,device-1,allow,0,active,,,,0
run_37,1773413736.7805967,4,device-2,allow,0,active,,,,0
run_37,1773413736.7805967,4,device-3,allow,0,active,,,,0
run_37,1773413741.7901483,5,device-1,allow,0,active,,,,0
run_37,1773413741.7901483,5,device-2,quarantine,1,active,traffic_rate,93.9343,70.0,4
run_37,1773413741.7901483,5,device-3,allow,0,active,,,,0
run_37,1773413746.8065724,6,device-1,allow,0,active,,,,0
run_37,1773413746.8065724,6,device-3,allow,0,active,,,,0
run_37,1773413751.8200817,7,device-1,allow,0,active,,,,0
run_37,1773413751.8200817,7,device-3,allow,0,active,,,,0
run_38,1773413762.1370704,2,device-1,allow,0,active,,,,0
run_38,1773413762.1370704,2,device-2,allow,0,active,,,,0
run_38,1773413762.1370704,2,device-3,allow,0,active,,,,0
run_38,1773413767.1463454,3,device-1,allow,0,active,,,,0
run_38,1773413767.1463454,3,device-2,allow,0,active,,,,0
run_38,1773413767.1463454,3,device-3,allow,0,active,,,,0
run_38,1773413772.1558616,4,device-1,allow,0,active,,,,0
run_38,1773413772.1558616,4,device-2,allow,0,active,,,,0
run_38,1773413772.1558616,4,device-3,allow,0,active,,,,0
run_38,1773413777.1666112,5,device-1,allow,0,active,,,,0
run_38,1773413777.1666112,5,device-2,quarantine,1,active,traffic_rate,71.9558,70.0,3
run_38,1773413777.1666112,5,device-3,quarantine,1,active,traffic_rate,72.076,70.0,3
run_38,1773413782.1920013,6,device-1,allow,0,active,,,,0
run_38,1773413787.2019596,7,device-1,allow,0,active,,,,0
run_39,1773413797.5311034,2,device-1,allow,0,active,,,,0
run_39,1773413797.5311034,2,device-2,allow,0,active,,,,0
run_39,1773413797.5311034,2,device-3,allow,0,active,,,,0
run_39,1773413802.540256,3,device-1,allow,0,active,,,,0
run_39,1773413802.540256,3,device-2,allow,0,active,,,,0
run_39,1773413802.540256,3,device-3,allow,0,active,,,,0
run_39,1773413807.5502853,4,device-1,allow,0,active,,,,0
run_39,1773413807.5502853,4,device-2,quarantine,1,active,temperature,75.108,75.0,1
run_39,1773413807.5502853,4,device-3,allow,0,active,,,,0
run_39,1773413812.567678,5,device-1,allow,0,active,,,,0
run_39,1773413812.567678,5,device-3,quarantine,1,active,traffic_rate,88.4243,70.0,4
run_39,1773413817.584593,6,device-1,allow,0,active,,,,0
run_39,1773413822.5946586,7,device-1,allow,0,active,,,,0
run_40,1773413832.908793,2,device-1,allow,0,active,,,,0
run_40,1773413832.908793,2,device-2,allow,0,active,,,,0
run_40,1773413832.908793,2,device-3,allow,0,active,,,,0
run_40,1773413837.9191165,3,device-1,allow,0,active,,,,0
run_40,1773413837.9191165,3,device-2,allow,0,active,,,,0
run_40,1773413837.9191165,3,device-3,allow,0,active,,,,0
run_40,1773413842.9289021,4,device-1,allow,0,active,,,,0
run_40,1773413842.9289021,4,device-2,allow,0,active,,,,0
run_40,1773413842.9289021,4,device-3,allow,0,active,,,,0
run_40,1773413847.938681,5,device-1,allow,0,active,,,,0
run_40,1773413847.938681,5,device-2,allow,0,active,,,,0
run_40,1773413847.938681,5,device-3,allow,0,active,,,,0
run_40,1773413852.9482994,6,device-1,allow,0,active,,,,0
run_40,1773413852.9482994,6,device-2,allow,0,active,,,,0
run_40,1773413852.9482994,6,device-3,allow,0,active,,,,0
run_40,1773413857.9587538,7,device-1,allow,0,active,,,,0
run_40,1773413857.9587538,7,device-2,allow,0,active,,,,0
run_40,1773413857.9587538,7,device-3,allow,0,active,,,,0
run_41,1773413868.4231913,2,device-1,allow,0,active,,,,0
run_41,1773413868.4231913,2,device-2,allow,0,active,,,,0
run_41,1773413868.4231913,2,device-3,allow,0,active,,,,0
run_41,1773413873.432624,3,device-1,allow,0,active,,,,0
run_41,1773413873.432624,3,device-2,allow,0,active,,,,0
run_41,1773413873.432624,3,device-3,allow,0,active,,,,0
run_41,1773413878.4427788,4,device-1,allow,0,active,,,,0
run_41,1773413878.4427788,4,device-2,allow,0,active,,,,0
run_41,1773413878.4427788,4,device-3,allow,0,active,,,,0
run_41,1773413883.4523804,5,device-1,quarantine,1,active,traffic_rate,92.7327,70.0,5
run_41,1773413883.4523804,5,device-2,quarantine,1,active,traffic_rate,91.1183,70.0,4
run_41,1773413883.4523804,5,device-3,allow,0,active,,,,0
run_41,1773413888.4777117,6,device-3,allow,0,active,,,,0
run_41,1773413893.4865115,7,device-3,allow,0,active,,,,0
run_42,1773413903.8483262,2,device-1,allow,0,active,,,,0
run_42,1773413903.8483262,2,device-2,allow,0,active,,,,0
run_42,1773413903.8483262,2,device-3,allow,0,active,,,,0
run_42,1773413908.856903,3,device-1,allow,0,active,,,,0
run_42,1773413908.856903,3,device-2,allow,0,active,,,,0
run_42,1773413908.856903,3,device-3,allow,0,active,,,,0
run_42,1773413913.8663132,4,device-1,allow,0,active,,,,0
run_42,1773413913.8663132,4,device-2,allow,0,active,,,,0
run_42,1773413913.8663132,4,device-3,allow,0,active,,,,0
run_42,1773413918.876373,5,device-1,quarantine,1,active,traffic_rate,76.0462,70.0,3
run_42,1773413918.876373,5,device-2,allow,0,active,,,,0
run_42,1773413918.876373,5,device-3,quarantine,1,active,traffic_rate,77.7308,70.0,3
run_42,1773413923.901945,6,device-2,allow,0,active,,,,0
run_42,1773413928.912436,7,device-2,allow,0,active,,,,0
run_43,1773413939.4061086,2,device-1,allow,0,active,,,,0
run_43,1773413939.4061086,2,device-2,allow,0,active,,,,0
run_43,1773413939.4061086,2,device-3,allow,0,active,,,,0
run_43,1773413944.4176886,3,device-1,allow,0,active,,,,0
run_43,1773413944.4176886,3,device-2,allow,0,active,,,,0
run_43,1773413944.4176886,3,device-3,allow,0,active,,,,0
run_43,1773413949.427973,4,device-1,allow,0,active,,,,0
run_43,1773413949.427973,4,device-2,allow,0,active,,,,0
run_43,1773413949.427973,4,device-3,allow,0,active,,,,0
run_43,1773413954.437766,5,device-1,allow,0,active,,,,0
run_43,1773413954.437766,5,device-2,quarantine,1,active,traffic_rate,86.4143,70.0,4
run_43,1773413954.437766,5,device-3,allow,0,active,,,,0
run_43,1773413959.4585667,6,device-1,allow,0,active,,,,0
run_43,1773413959.4585667,6,device-3,allow,0,active,,,,0
run_43,1773413964.4704072,7,device-1,allow,0,active,,,,0
run_43,1773413964.4704072,7,device-3,allow,0,active,,,,0
run_44,1773413975.0642996,2,device-1,allow,0,active,,,,0
run_44,1773413975.0642996,2,device-2,allow,0,active,,,,0
run_44,1773413975.0642996,2,device-3,allow,0,active,,,,0
run_44,1773413980.073917,3,device-1,allow,0,active,,,,0
run_44,1773413980.073917,3,device-2,allow,0,active,,,,0
run_44,1773413980.073917,3,device-3,allow,0,active,,,,0
run_44,1773413985.0869372,4,device-1,allow,0,active,,,,0
run_44,1773413985.0869372,4,device-2,allow,0,active,,,,0
run_44,1773413985.0869372,4,device-3,allow,0,active,,,,0
run_44,1773413990.097097,5,device-1,quarantine,1,active,traffic_rate,78.9626,70.0,3
run_44,1773413990.097097,5,device-2,allow,0,active,,,,0
run_44,1773413990.097097,5,device-3,allow,0,active,,,,0
run_44,1773413995.1180818,6,device-2,allow,0,active,,,,0
run_44,1773413995.1180818,6,device-3,allow,0,active,,,,0
run_44,1773414000.1274483,7,device-2,allow,0,active,,,,0
run_44,1773414000.1274483,7,device-3,allow,0,active,,,,0
run_45,1773414010.8218286,2,device-1,allow,0,active,,,,0
run_45,1773414010.8218286,2,device-2,allow,0,active,,,,0
run_45,1773414010.8218286,2,device-3,allow,0,active,,,,0
run_45,1773414015.8340216,3,device-1,allow,0,active,,,,0
run_45,1773414015.8340216,3,device-2,allow,0,active,,,,0
run_45,1773414015.8340216,3,device-3,allow,0,active,,,,0
run_45,1773414020.843386,4,device-1,allow,0,active,,,,0
run_45,1773414020.843386,4,device-2,allow,0,active,,,,0
run_45,1773414020.843386,4,device-3,allow,0,active,,,,0
run_45,1773414025.8546126,5,device-1,quarantine,1,active,traffic_rate,89.0082,70.0,5
run_45,1773414025.8546126,5,device-2,allow,0,active,,,,0
run_45,1773414025.8546126,5,device-3,quarantine,1,active,traffic_rate,87.2363,70.0,4
run_45,1773414030.8808014,6,device-2,allow,0,active,,,,0
run_45,1773414035.8903365,7,device-2,allow,0,active,,,,0
run_46,1773414046.3342872,2,device-1,allow,0,active,,,,0
run_46,1773414046.3342872,2,device-2,allow,0,active,,,,0
run_46,1773414046.3342872,2,device-3,allow,0,active,,,,0
run_46,1773414051.344075,3,device-1,allow,0,active,,,,0
run_46,1773414051.344075,3,device-2,allow,0,active,,,,0
run_46,1773414051.344075,3,device-3,allow,0,active,,,,0
run_46,1773414056.3541622,4,device-1,allow,0,active,,,,0
run_46,1773414056.3541622,4,device-2,allow,0,active,,,,0
run_46,1773414056.3541622,4,device-3,allow,0,active,,,,0
run_46,1773414061.3671021,5,device-1,allow,0,active,,,,0
run_46,1773414061.3671021,5,device-2,allow,0,active,,,,0
run_46,1773414061.3671021,5,device-3,allow,0,active,,,,0
run_46,1773414066.3764267,6,device-1,allow,0,active,,,,0
run_46,1773414066.3764267,6,device-2,allow,0,active,,,,0
run_46,1773414066.3764267,6,device-3,allow,0,active,,,,0
run_46,1773414071.3859835,7,device-1,allow,0,active,,,,0
run_46,1773414071.3859835,7,device-2,allow,0,active,,,,0
run_46,1773414071.3859835,7,device-3,allow,0,active,,,,0
run_47,1773414081.9941592,2,device-1,allow,0,active,,,,0
run_47,1773414081.9941592,2,device-2,allow,0,active,,,,0
run_47,1773414081.9941592,2,device-3,allow,0,active,,,,0
run_47,1773414087.004366,3,device-1,allow,0,active,,,,0
run_47,1773414087.004366,3,device-2,allow,0,active,,,,0
run_47,1773414087.004366,3,device-3,allow,0,active,,,,0
run_47,1773414092.013443,4,device-1,allow,0,active,,,,0
run_47,1773414092.013443,4,device-2,allow,0,active,,,,0
run_47,1773414092.013443,4,device-3,allow,0,active,,,,0
run_47,1773414097.0249605,5,device-1,allow,0,active,,,,0
run_47,1773414097.0249605,5,device-2,allow,0,active,,,,0
run_47,1773414097.0249605,5,device-3,quarantine,1,active,traffic_rate,74.3635,70.0,4
run_47,1773414102.044301,6,device-1,allow,0,active,,,,0
run_47,1773414102.044301,6,device-2,allow,0,active,,,,0
run_47,1773414107.054861,7,device-1,allow,0,active,,,,0
run_47,1773414107.054861,7,device-2,allow,0,active,,,,0
run_48,1773414117.5467904,2,device-1,allow,0,active,,,,0
run_48,1773414117.5467904,2,device-2,allow,0,active,,,,0
run_48,1773414117.5467904,2,device-3,allow,0,active,,,,0
run_48,1773414122.5583112,3,device-1,allow,0,active,,,,0
run_48,1773414122.5583112,3,device-2,allow,0,active,,,,0
run_48,1773414122.5583112,3,device-3,allow,0,active,,,,0
run_48,1773414127.5674636,4,device-1,allow,0,active,,,,0
run_48,1773414127.5674636,4,device-2,allow,0,active,,,,0
run_48,1773414127.5674636,4,device-3,allow,0,active,,,,0
run_48,1773414132.5774539,5,device-1,allow,0,active,,,,0
run_48,1773414132.5774539,5,device-2,allow,0,active,,,,0
run_48,1773414132.5774539,5,device-3,quarantine,1,active,traffic_rate,76.4135,70.0,3
run_48,1773414137.5960898,6,device-1,allow,0,active,,,,0
run_48,1773414137.5960898,6,device-2,allow,0,active,,,,0
run_48,1773414142.6080017,7,device-1,allow,0,active,,,,0
run_48,1773414142.6080017,7,device-2,allow,0,active,,,,0
run_49,1773414153.1484976,2,device-1,allow,0,active,,,,0
run_49,1773414153.1484976,2,device-2,allow,0,active,,,,0
run_49,1773414153.1484976,2,device-3,allow,0,active,,,,0
run_49,1773414158.1593714,3,device-1,allow,0,active,,,,0
run_49,1773414158.1593714,3,device-2,allow,0,active,,,,0
run_49,1773414158.1593714,3,device-3,allow,0,active,,,,0
run_49,1773414163.170088,4,device-1,allow,0,active,,,,0
run_49,1773414163.170088,4,device-2,allow,0,active,,,,0
run_49,1773414163.170088,4,device-3,allow,0,active,,,,0
run_49,1773414168.180745,5,device-1,allow,0,active,,,,0
run_49,1773414168.180745,5,device-2,allow,0,active,,,,0
run_49,1773414168.180745,5,device-3,allow,0,active,,,,0
run_49,1773414173.1899328,6,device-1,allow,0,active,,,,0
run_49,1773414173.1899328,6,device-2,allow,0,active,,,,0
run_49,1773414173.1899328,6,device-3,allow,0,active,,,,0
run_49,1773414178.200055,7,device-1,allow,0,active,,,,0
run_49,1773414178.200055,7,device-2,allow,0,active,,,,0
run_49,1773414178.200055,7,device-3,allow,0,active,,,,0
run_50,1773414188.7590265,2,device-1,allow,0,active,,,,0
run_50,1773414188.7590265,2,device-2,allow,0,active,,,,0
run_50,1773414188.7590265,2,device-3,allow,0,active,,,,0
run_50,1773414193.7721028,3,device-1,allow,0,active,,,,0
run_50,1773414193.7721028,3,device-2,allow,0,active,,,,0
run_50,1773414193.7721028,3,device-3,allow,0,active,,,,0
run_50,1773414198.7811337,4,device-1,allow,0,active,,,,0
run_50,1773414198.7811337,4,device-2,allow,0,active,,,,0
run_50,1773414198.7811337,4,device-3,allow,0,active,,,,0
run_50,1773414203.791574,5,device-1,allow,0,active,,,,0
run_50,1773414203.791574,5,device-2,allow,0,active,,,,0
run_50,1773414203.791574,5,device-3,allow,0,active,,,,0
run_50,1773414208.8005362,6,device-1,allow,0,active,,,,0
run_50,1773414208.8005362,6,device-2,allow,0,active,,,,0
run_50,1773414208.8005362,6,device-3,allow,0,active,,,,0
run_50,1773414213.8104706,7,device-1,allow,0,active,,,,0
run_50,1773414213.8104706,7,device-2,allow,0,active,,,,0
run_50,1773414213.8104706,7,device-3,allow,0,active,,,,0
run_51,1773414224.2872248,2,device-1,allow,0,active,,,,0
run_51,1773414224.2872248,2,device-2,allow,0,active,,,,0
run_51,1773414224.2872248,2,device-3,allow,0,active,,,,0
run_51,1773414229.2975645,3,device-1,allow,0,active,,,,0
run_51,1773414229.2975645,3,device-2,allow,0,active,,,,0
run_51,1773414229.2975645,3,device-3,allow,0,active,,,,0
run_51,1773414234.3073032,4,device-1,allow,0,active,,,,0
run_51,1773414234.3073032,4,device-2,allow,0,active,,,,0
run_51,1773414234.3073032,4,device-3,allow,0,active,,,,0
run_51,1773414239.3186123,5,device-1,allow,0,active,,,,0
run_51,1773414239.3186123,5,device-2,allow,0,active,,,,0
run_51,1773414239.3186123,5,device-3,allow,0,active,,,,0
run_51,1773414244.3288887,6,device-1,allow,0,active,,,,0
run_51,1773414244.3288887,6,device-2,allow,0,active,,,,0
run_51,1773414244.3288887,6,device-3,allow,0,active,,,,0
run_51,1773414249.338594,7,device-1,allow,0,active,,,,0
run_51,1773414249.338594,7,device-2,allow,0,active,,,,0
run_51,1773414249.338594,7,device-3,allow,0,active,,,,0
run_52,1773414259.6960554,2,device-1,allow,0,active,,,,0
run_52,1773414259.6960554,2,device-2,allow,0,active,,,,0
run_52,1773414259.6960554,2,device-3,allow,0,active,,,,0
run_52,1773414264.706008,3,device-1,allow,0,active,,,,0
run_52,1773414264.706008,3,device-2,allow,0,active,,,,0
run_52,1773414264.706008,3,device-3,allow,0,active,,,,0
run_52,1773414269.7188418,4,device-1,allow,0,active,,,,0
run_52,1773414269.7188418,4,device-2,allow,0,active,,,,0
run_52,1773414269.7188418,4,device-3,allow,0,active,,,,0
run_52,1773414274.7280242,5,device-1,allow,0,active,,,,0
run_52,1773414274.7280242,5,device-2,allow,0,active,,,,0
run_52,1773414274.7280242,5,device-3,allow,0,active,,,,0
run_52,1773414279.7381158,6,device-1,allow,0,active,,,,0
run_52,1773414279.7381158,6,device-2,allow,0,active,,,,0
run_52,1773414279.7381158,6,device-3,allow,0,active,,,,0
run_52,1773414284.7477367,7,device-1,allow,0,active,,,,0
run_52,1773414284.7477367,7,device-2,allow,0,active,,,,0
run_52,1773414284.7477367,7,device-3,allow,0,active,,,,0
run_53,1773414295.009565,2,device-1,allow,0,active,,,,0
run_53,1773414295.009565,2,device-2,allow,0,active,,,,0
run_53,1773414295.009565,2,device-3,allow,0,active,,,,0
run_53,1773414300.0181222,3,device-1,allow,0,active,,,,0
run_53,1773414300.0181222,3,device-2,allow,0,active,,,,0
run_53,1773414300.0181222,3,device-3,allow,0,active,,,,0
run_53,1773414305.027332,4,device-1,allow,0,active,,,,0
run_53,1773414305.027332,4,device-2,allow,0,active,,,,0
run_53,1773414305.027332,4,device-3,allow,0,active,,,,0
run_53,1773414310.0377994,5,device-1,quarantine,1,active,traffic_rate,94.154,70.0,5
run_53,1773414310.0377994,5,device-2,allow,0,active,,,,0
run_53,1773414310.0377994,5,device-3,quarantine,1,active,traffic_rate,84.523,70.0,4
run_53,1773414315.0613272,6,device-2,allow,0,active,,,,0
run_53,1773414320.07385,7,device-2,allow,0,active,,,,0
run_54,1773414330.4597251,2,device-1,allow,0,active,,,,0
run_54,1773414330.4597251,2,device-2,allow,0,active,,,,0
run_54,1773414330.4597251,2,device-3,allow,0,active,,,,0
run_54,1773414335.468376,3,device-1,allow,0,active,,,,0
run_54,1773414335.468376,3,device-2,allow,0,active,,,,0
run_54,1773414335.468376,3,device-3,allow,0,active,,,,0
run_54,1773414340.4779963,4,device-1,allow,0,active,,,,0
run_54,1773414340.4779963,4,device-2,allow,0,active,,,,0
run_54,1773414340.4779963,4,device-3,allow,0,active,,,,0
run_54,1773414345.4877667,5,device-1,quarantine,1,active,traffic_rate,78.8432,70.0,3
run_54,1773414345.4877667,5,device-2,allow,0,active,,,,0
run_54,1773414345.4877667,5,device-3,quarantine,1,active,traffic_rate,75.5819,70.0,3
run_54,1773414350.5167594,6,device-2,allow,0,active,,,,0
run_54,1773414355.5272968,7,device-2,allow,0,active,,,,0
run_55,1773414365.8613904,2,device-1,allow,0,active,,,,0
run_55,1773414365.8613904,2,device-2,allow,0,active,,,,0
run_55,1773414365.8613904,2,device-3,allow,0,active,,,,0
run_55,1773414370.8699002,3,device-1,allow,0,active,,,,0
run_55,1773414370.8699002,3,device-2,allow,0,active,,,,0
run_55,1773414370.8699002,3,device-3,allow,0,active,,,,0
run_55,1773414375.880521,4,device-1,allow,0,active,,,,0
run_55,1773414375.880521,4,device-2,allow,0,active,,,,0
run_55,1773414375.880521,4,device-3,allow,0,active,,,,0
run_55,1773414380.8902788,5,device-1,allow,0,active,,,,0
run_55,1773414380.8902788,5,device-2,allow,0,active,,,,0
run_55,1773414380.8902788,5,device-3,allow,0,active,,,,0
run_55,1773414385.8998132,6,device-1,allow,0,active,,,,0
run_55,1773414385.8998132,6,device-2,allow,0,active,,,,0
run_55,1773414385.8998132,6,device-3,allow,0,active,,,,0
run_55,1773414390.9103317,7,device-1,allow,0,active,,,,0
run_55,1773414390.9103317,7,device-2,allow,0,active,,,,0
run_55,1773414390.9103317,7,device-3,allow,0,active,,,,0
run_56,1773414401.2288268,2,device-1,allow,0,active,,,,0
run_56,1773414401.2288268,2,device-2,allow,0,active,,,,0
run_56,1773414401.2288268,2,device-3,allow,0,active,,,,0
run_56,1773414406.2385955,3,device-1,allow,0,active,,,,0
run_56,1773414406.2385955,3,device-2,allow,0,active,,,,0
run_56,1773414406.2385955,3,device-3,allow,0,active,,,,0
run_56,1773414411.2492385,4,device-1,allow,0,active,,,,0
run_56,1773414411.2492385,4,device-2,allow,0,active,,,,0
run_56,1773414411.2492385,4,device-3,allow,0,active,,,,0
run_56,1773414416.2588494,5,device-1,allow,0,active,,,,0
run_56,1773414416.2588494,5,device-2,allow,0,active,,,,0
run_56,1773414416.2588494,5,device-3,allow,0,active,,,,0
run_56,1773414421.26865,6,device-1,allow,0,active,,,,0
run_56,1773414421.26865,6,device-2,allow,0,active,,,,0
run_56,1773414421.26865,6,device-3,allow,0,active,,,,0
run_56,1773414426.277678,7,device-1,allow,0,active,,,,0
run_56,1773414426.277678,7,device-2,allow,0,active,,,,0
run_56,1773414426.277678,7,device-3,allow,0,active,,,,0
run_57,1773414436.6325588,2,device-1,allow,0,active,,,,0
run_57,1773414436.6325588,2,device-2,allow,0,active,,,,0
run_57,1773414436.6325588,2,device-3,allow,0,active,,,,0
run_57,1773414441.6418314,3,device-1,allow,0,active,,,,0
run_57,1773414441.6418314,3,device-2,allow,0,active,,,,0
run_57,1773414441.6418314,3,device-3,allow,0,active,,,,0
run_57,1773414446.650862,4,device-1,allow,0,active,,,,0
run_57,1773414446.650862,4,device-2,allow,0,active,,,,0
run_57,1773414446.650862,4,device-3,allow,0,active,,,,0
run_57,1773414451.6610959,5,device-1,allow,0,active,,,,0
run_57,1773414451.6610959,5,device-2,quarantine,1,active,traffic_rate,76.498,70.0,2
run_57,1773414451.6610959,5,device-3,quarantine,1,active,traffic_rate,75.4053,70.0,2
run_57,1773414456.6832712,6,device-1,allow,0,active,,,,0
run_57,1773414461.6922417,7,device-1,allow,0,active,,,,0
run_58,1773414472.09337,2,device-1,allow,0,active,,,,0
run_58,1773414472.09337,2,device-2,allow,0,active,,,,0
run_58,1773414472.09337,2,device-3,allow,0,active,,,,0
run_58,1773414477.1016178,3,device-1,allow,0,active,,,,0
run_58,1773414477.1016178,3,device-2,allow,0,active,,,,0
run_58,1773414477.1016178,3,device-3,allow,0,active,,,,0
run_58,1773414482.1120245,4,device-1,allow,0,active,,,,0
run_58,1773414482.1120245,4,device-2,allow,0,active,,,,0
run_58,1773414482.1120245,4,device-3,allow,0,active,,,,0
run_58,1773414487.1216846,5,device-1,allow,0,active,,,,0
run_58,1773414487.1216846,5,device-2,allow,0,active,,,,0
run_58,1773414487.1216846,5,device-3,allow,0,active,,,,0
run_58,1773414492.131231,6,device-1,allow,0,active,,,,0
run_58,1773414492.131231,6,device-2,allow,0,active,,,,0
run_58,1773414492.131231,6,device-3,allow,0,active,,,,0
run_58,1773414497.1415274,7,device-1,allow,0,active,,,,0
run_58,1773414497.1415274,7,device-2,allow,0,active,,,,0
run_58,1773414497.1415274,7,device-3,allow,0,active,,,,0
run_59,1773414507.6570246,2,device-1,allow,0,active,,,,0
run_59,1773414507.6570246,2,device-2,allow,0,active,,,,0
run_59,1773414507.6570246,2,device-3,allow,0,active,,,,0
run_59,1773414512.6684911,3,device-1,allow,0,active,,,,0
run_59,1773414512.6684911,3,device-2,allow,0,active,,,,0
run_59,1773414512.6684911,3,device-3,allow,0,active,,,,0
run_59,1773414517.6776867,4,device-1,allow,0,active,,,,0
run_59,1773414517.6776867,4,device-2,allow,0,active,,,,0
run_59,1773414517.6776867,4,device-3,allow,0,active,,,,0
run_59,1773414522.687476,5,device-1,quarantine,1,active,traffic_rate,90.8868,70.0,5
run_59,1773414522.687476,5,device-2,quarantine,1,active,traffic_rate,89.0617,70.0,4
run_59,1773414522.687476,5,device-3,allow,0,active,,,,0
run_59,1773414527.7108154,6,device-3,allow,0,active,,,,0
run_59,1773414532.720957,7,device-3,allow,0,active,,,,0
run_60,1773414543.0322044,2,device-1,allow,0,active,,,,0
run_60,1773414543.0322044,2,device-2,allow,0,active,,,,0
run_60,1773414543.0322044,2,device-3,allow,0,active,,,,0
run_60,1773414548.0411422,3,device-1,allow,0,active,,,,0
run_60,1773414548.0411422,3,device-2,allow,0,active,,,,0
run_60,1773414548.0411422,3,device-3,allow,0,active,,,,0
run_60,1773414553.050444,4,device-1,allow,0,active,,,,0
run_60,1773414553.050444,4,device-2,allow,0,active,,,,0
run_60,1773414553.050444,4,device-3,allow,0,active,,,,0
run_60,1773414558.059823,5,device-1,quarantine,1,active,traffic_rate,80.2277,70.0,4
run_60,1773414558.059823,5,device-2,allow,0,active,,,,0
run_60,1773414558.059823,5,device-3,quarantine,1,active,traffic_rate,77.4725,70.0,3
run_60,1773414563.0812066,6,device-2,allow,0,active,,,,0
run_60,1773414568.0903947,7,device-2,allow,0,active,,,,0
run_61,1773414578.4864964,2,device-1,allow,0,active,,,,0
run_61,1773414578.4864964,2,device-2,allow,0,active,,,,0
run_61,1773414578.4864964,2,device-3,allow,0,active,,,,0
run_61,1773414583.494987,3,device-1,allow,0,active,,,,0
run_61,1773414583.494987,3,device-2,allow,0,active,,,,0
run_61,1773414583.494987,3,device-3,allow,0,active,,,,0
run_61,1773414588.5039973,4,device-1,allow,0,active,,,,0
run_61,1773414588.5039973,4,device-2,allow,0,active,,,,0
run_61,1773414588.5039973,4,device-3,allow,0,active,,,,0
run_61,1773414593.5142345,5,device-1,quarantine,1,active,traffic_rate,91.3764,70.0,5
run_61,1773414593.5142345,5,device-2,allow,0,active,,,,0
run_61,1773414593.5142345,5,device-3,allow,0,active,,,,0
run_61,1773414598.5356562,6,device-2,allow,0,active,,,,0
run_61,1773414598.5356562,6,device-3,allow,0,active,,,,0
run_61,1773414603.545209,7,device-2,allow,0,active,,,,0
run_61,1773414603.545209,7,device-3,allow,0,active,,,,0
run_62,1773414613.8746047,2,device-1,allow,0,active,,,,0
run_62,1773414613.8746047,2,device-2,allow,0,active,,,,0
run_62,1773414613.8746047,2,device-3,allow,0,active,,,,0
run_62,1773414618.884569,3,device-1,allow,0,active,,,,0
run_62,1773414618.884569,3,device-2,allow,0,active,,,,0
run_62,1773414618.884569,3,device-3,allow,0,active,,,,0
run_62,1773414623.8941424,4,device-1,allow,0,active,,,,0
run_62,1773414623.8941424,4,device-2,allow,0,active,,,,0
run_62,1773414623.8941424,4,device-3,allow,0,active,,,,0
run_62,1773414628.9040623,5,device-1,allow,0,active,,,,0
run_62,1773414628.9040623,5,device-2,allow,0,active,,,,0
run_62,1773414628.9040623,5,device-3,quarantine,1,active,traffic_rate,73.7894,70.0,4
run_62,1773414633.9212499,6,device-1,allow,0,active,,,,0
run_62,1773414633.9212499,6,device-2,allow,0,active,,,,0
run_62,1773414638.9316478,7,device-1,allow,0,active,,,,0
run_62,1773414638.9316478,7,device-2,allow,0,active,,,,0
run_63,1773414649.1630652,2,device-1,allow,0,active,,,,0
run_63,1773414649.1630652,2,device-2,allow,0,active,,,,0
run_63,1773414649.1630652,2,device-3,allow,0,active,,,,0
run_63,1773414654.171655,3,device-1,allow,0,active,,,,0
run_63,1773414654.171655,3,device-2,allow,0,active,,,,0
run_63,1773414654.171655,3,device-3,allow,0,active,,,,0
run_63,1773414659.1839235,4,device-1,allow,0,active,,,,0
run_63,1773414659.1839235,4,device-2,allow,0,active,,,,0
run_63,1773414659.1839235,4,device-3,allow,0,active,,,,0
run_63,1773414664.1929157,5,device-1,allow,0,active,,,,0
run_63,1773414664.1929157,5,device-2,allow,0,active,,,,0
run_63,1773414664.1929157,5,device-3,quarantine,1,active,traffic_rate,72.8922,70.0,2
run_63,1773414669.2096958,6,device-1,allow,0,active,,,,0
run_63,1773414669.2096958,6,device-2,allow,0,active,,,,0
run_63,1773414674.2194898,7,device-1,allow,0,active,,,,0
run_63,1773414674.2194898,7,device-2,allow,0,active,,,,0
run_64,1773414684.5365744,2,device-1,allow,0,active,,,,0
run_64,1773414684.5365744,2,device-2,allow,0,active,,,,0
run_64,1773414684.5365744,2,device-3,allow,0,active,,,,0
run_64,1773414689.5450861,3,device-1,allow,0,active,,,,0
run_64,1773414689.5450861,3,device-2,allow,0,active,,,,0
run_64,1773414689.5450861,3,device-3,allow,0,active,,,,0
run_64,1773414694.5556462,4,device-1,allow,0,active,,,,0
run_64,1773414694.5556462,4,device-2,allow,0,active,,,,0
run_64,1773414694.5556462,4,device-3,allow,0,active,,,,0
run_64,1773414699.566081,5,device-1,allow,0,active,,,,0
run_64,1773414699.566081,5,device-2,allow,0,active,,,,0
run_64,1773414699.566081,5,device-3,quarantine,1,active,traffic_rate,73.2352,70.0,3
run_64,1773414704.5837379,6,device-1,allow,0,active,,,,0
run_64,1773414704.5837379,6,device-2,allow,0,active,,,,0
run_64,1773414709.5929973,7,device-1,allow,0,active,,,,0
run_64,1773414709.5929973,7,device-2,allow,0,active,,,,0
run_65,1773414719.844438,2,device-1,allow,0,active,,,,0
run_65,1773414719.844438,2,device-2,allow,0,active,,,,0
run_65,1773414719.844438,2,device-3,allow,0,active,,,,0
run_65,1773414724.8535254,3,device-1,allow,0,active,,,,0
run_65,1773414724.8535254,3,device-2,allow,0,active,,,,0
run_65,1773414724.8535254,3,device-3,allow,0,active,,,,0
run_65,1773414729.8643086,4,device-1,allow,0,active,,,,0
run_65,1773414729.8643086,4,device-2,allow,0,active,,,,0
run_65,1773414729.8643086,4,device-3,allow,0,active,,,,0
run_65,1773414734.8741999,5,device-1,allow,0,active,,,,0
run_65,1773414734.8741999,5,device-2,quarantine,1,active,traffic_rate,86.9414,70.0,4
run_65,1773414734.8741999,5,device-3,quarantine,1,active,traffic_rate,84.2594,70.0,4
run_65,1773414739.8970923,6,device-1,allow,0,active,,,,0
run_65,1773414744.9059637,7,device-1,allow,0,active,,,,0
run_66,1773414755.088508,2,device-1,allow,0,active,,,,0
run_66,1773414755.088508,2,device-2,allow,0,active,,,,0
run_66,1773414755.088508,2,device-3,allow,0,active,,,,0
run_66,1773414760.0969508,3,device-1,allow,0,active,,,,0
run_66,1773414760.0969508,3,device-2,allow,0,active,,,,0
run_66,1773414760.0969508,3,device-3,allow,0,active,,,,0
run_66,1773414765.105809,4,device-1,allow,0,active,,,,0
run_66,1773414765.105809,4,device-2,allow,0,active,,,,0
run_66,1773414765.105809,4,device-3,allow,0,active,,,,0
run_66,1773414770.1148937,5,device-1,allow,0,active,,,,0
run_66,1773414770.1148937,5,device-2,allow,0,active,,,,0
run_66,1773414770.1148937,5,device-3,allow,0,active,,,,0
run_66,1773414775.1247816,6,device-1,allow,0,active,,,,0
run_66,1773414775.1247816,6,device-2,allow,0,active,,,,0
run_66,1773414775.1247816,6,device-3,allow,0,active,,,,0
run_66,1773414780.1343484,7,device-1,allow,0,active,,,,0
run_66,1773414780.1343484,7,device-2,allow,0,active,,,,0
run_66,1773414780.1343484,7,device-3,allow,0,active,,,,0
run_67,1773414794.19999,2,device-1,allow,0,active,,,,0
run_67,1773414794.19999,2,device-2,allow,0,active,,,,0
run_67,1773414794.19999,2,device-3,allow,0,active,,,,0
run_67,1773414799.2080636,3,device-1,allow,0,active,,,,0
run_67,1773414799.2080636,3,device-2,allow,0,active,,,,0
run_67,1773414799.2080636,3,device-3,allow,0,active,,,,0
run_67,1773414804.216497,4,device-1,allow,0,active,,,,0
run_67,1773414804.216497,4,device-2,allow,0,active,,,,0
run_67,1773414804.216497,4,device-3,allow,0,active,,,,0
run_67,1773414809.225712,5,device-1,allow,0,active,,,,0
run_67,1773414809.225712,5,device-2,allow,0,active,,,,0
run_67,1773414809.225712,5,device-3,allow,0,active,,,,0
run_67,1773414814.2360797,6,device-1,allow,0,active,,,,0
run_67,1773414814.2360797,6,device-2,allow,0,active,,,,0
run_67,1773414814.2360797,6,device-3,allow,0,active,,,,0
run_67,1773414819.2446592,7,device-1,allow,0,active,,,,0
run_67,1773414819.2446592,7,device-2,allow,0,active,,,,0
run_67,1773414819.2446592,7,device-3,allow,0,active,,,,0
run_68,1773414829.3511028,2,device-1,allow,0,active,,,,0
run_68,1773414829.3511028,2,device-2,allow,0,active,,,,0
run_68,1773414829.3511028,2,device-3,allow,0,active,,,,0
run_68,1773414834.3598785,3,device-1,allow,0,active,,,,0
run_68,1773414834.3598785,3,device-2,allow,0,active,,,,0
run_68,1773414834.3598785,3,device-3,allow,0,active,,,,0
run_68,1773414839.3686714,4,device-1,allow,0,active,,,,0
run_68,1773414839.3686714,4,device-2,allow,0,active,,,,0
run_68,1773414839.3686714,4,device-3,allow,0,active,,,,0
run_68,1773414844.3783007,5,device-1,allow,0,active,,,,0
run_68,1773414844.3783007,5,device-2,allow,0,active,,,,0
run_68,1773414844.3783007,5,device-3,allow,0,active,,,,0
run_68,1773414849.3880758,6,device-1,allow,0,active,,,,0
run_68,1773414849.3880758,6,device-2,allow,0,active,,,,0
run_68,1773414849.3880758,6,device-3,allow,0,active,,,,0
run_68,1773414854.3978019,7,device-1,allow,0,active,,,,0
run_68,1773414854.3978019,7,device-2,allow,0,active,,,,0
run_68,1773414854.3978019,7,device-3,allow,0,active,,,,0
run_69,1773414864.5444024,2,device-1,allow,0,active,,,,0
run_69,1773414864.5444024,2,device-2,allow,0,active,,,,0
run_69,1773414864.5444024,2,device-3,allow,0,active,,,,0
run_69,1773414869.553225,3,device-1,allow,0,active,,,,0
run_69,1773414869.553225,3,device-2,allow,0,active,,,,0
run_69,1773414869.553225,3,device-3,allow,0,active,,,,0
run_69,1773414874.561074,4,device-1,allow,0,active,,,,0
run_69,1773414874.561074,4,device-2,allow,0,active,,,,0
run_69,1773414874.561074,4,device-3,allow,0,active,,,,0
run_69,1773414879.5699978,5,device-1,quarantine,1,active,traffic_rate,86.8303,70.0,5
run_69,1773414879.5699978,5,device-2,allow,0,active,,,,0
run_69,1773414879.5699978,5,device-3,quarantine,1,active,traffic_rate,93.0434,70.0,4
run_69,1773414884.591824,6,device-2,allow,0,active,,,,0
run_69,1773414889.60088,7,device-2,allow,0,active,,,,0
run_70,1773414899.6921575,2,device-1,allow,0,active,,,,0
run_70,1773414899.6921575,2,device-2,allow,0,active,,,,0
run_70,1773414899.6921575,2,device-3,allow,0,active,,,,0
run_70,1773414904.7004018,3,device-1,allow,0,active,,,,0
run_70,1773414904.7004018,3,device-2,allow,0,active,,,,0
run_70,1773414904.7004018,3,device-3,allow,0,active,,,,0
run_70,1773414909.7089546,4,device-1,allow,0,active,,,,0
run_70,1773414909.7089546,4,device-2,allow,0,active,,,,0
run_70,1773414909.7089546,4,device-3,allow,0,active,,,,0
run_70,1773414914.7192793,5,device-1,allow,0,active,,,,0
run_70,1773414914.7192793,5,device-2,allow,0,active,,,,0
run_70,1773414914.7192793,5,device-3,allow,0,active,,,,0
run_70,1773414919.7283092,6,device-1,allow,0,active,,,,0
run_70,1773414919.7283092,6,device-2,allow,0,active,,,,0
run_70,1773414919.7283092,6,device-3,allow,0,active,,,,0
run_70,1773414924.7368617,7,device-1,allow,0,active,,,,0
run_70,1773414924.7368617,7,device-2,allow,0,active,,,,0
run_70,1773414924.7368617,7,device-3,allow,0,active,,,,0
run_71,1773414934.8899727,2,device-1,allow,0,active,,,,0
run_71,1773414934.8899727,2,device-2,allow,0,active,,,,0
run_71,1773414934.8899727,2,device-3,allow,0,active,,,,0
run_71,1773414939.8986616,3,device-1,allow,0,active,,,,0
run_71,1773414939.8986616,3,device-2,allow,0,active,,,,0
run_71,1773414939.8986616,3,device-3,allow,0,active,,,,0
run_71,1773414944.9107335,4,device-1,allow,0,active,,,,0
run_71,1773414944.9107335,4,device-2,allow,0,active,,,,0
run_71,1773414944.9107335,4,device-3,allow,0,active,,,,0
run_71,1773414949.9193926,5,device-1,allow,0,active,,,,0
run_71,1773414949.9193926,5,device-2,allow,0,active,,,,0
run_71,1773414949.9193926,5,device-3,quarantine,1,active,traffic_rate,88.4238,70.0,4
run_71,1773414954.936173,6,device-1,allow,0,active,,,,0
run_71,1773414954.936173,6,device-2,allow,0,active,,,,0
run_71,1773414959.9489622,7,device-1,allow,0,active,,,,0
run_71,1773414959.9489622,7,device-2,allow,0,active,,,,0
run_72,1773414969.87207,2,device-1,allow,0,active,,,,0
run_72,1773414969.87207,2,device-2,allow,0,active,,,,0
run_72,1773414969.87207,2,device-3,allow,0,active,,,,0
run_72,1773414974.880511,3,device-1,allow,0,active,,,,0
run_72,1773414974.880511,3,device-2,allow,0,active,,,,0
run_72,1773414974.880511,3,device-3,allow,0,active,,,,0
run_72,1773414979.8888206,4,device-1,allow,0,active,,,,0
run_72,1773414979.8888206,4,device-2,quarantine,1,active,temperature,75.635,75.0,1
run_72,1773414979.8888206,4,device-3,allow,0,active,,,,0
run_72,1773414984.904524,5,device-1,quarantine,1,active,traffic_rate,92.7192,70.0,5
run_72,1773414984.904524,5,device-3,allow,0,active,,,,0
run_72,1773414989.9227881,6,device-3,allow,0,active,,,,0
run_72,1773414994.932715,7,device-3,allow,0,active,,,,0
run_73,1773415005.024383,2,device-1,allow,0,active,,,,0
run_73,1773415005.024383,2,device-2,allow,0,active,,,,0
run_73,1773415005.024383,2,device-3,allow,0,active,,,,0
run_73,1773415010.032489,3,device-1,allow,0,active,,,,0
run_73,1773415010.032489,3,device-2,allow,0,active,,,,0
run_73,1773415010.032489,3,device-3,allow,0,active,,,,0
run_73,1773415015.041529,4,device-1,allow,0,active,,,,0
run_73,1773415015.041529,4,device-2,allow,0,active,,,,0
run_73,1773415015.041529,4,device-3,allow,0,active,,,,0
run_73,1773415020.0509083,5,device-1,allow,0,active,,,,0
run_73,1773415020.0509083,5,device-2,allow,0,active,,,,0
run_73,1773415020.0509083,5,device-3,allow,0,active,,,,0
run_73,1773415025.0600145,6,device-1,allow,0,active,,,,0
run_73,1773415025.0600145,6,device-2,allow,0,active,,,,0
run_73,1773415025.0600145,6,device-3,allow,0,active,,,,0
run_73,1773415030.0694413,7,device-1,allow,0,active,,,,0
run_73,1773415030.0694413,7,device-2,allow,0,active,,,,0
run_73,1773415030.0694413,7,device-3,allow,0,active,,,,0
run_74,1773415040.169781,2,device-1,allow,0,active,,,,0
run_74,1773415040.169781,2,device-2,allow,0,active,,,,0
run_74,1773415040.169781,2,device-3,allow,0,active,,,,0
run_74,1773415045.178767,3,device-1,allow,0,active,,,,0
run_74,1773415045.178767,3,device-2,allow,0,active,,,,0
run_74,1773415045.178767,3,device-3,allow,0,active,,,,0
run_74,1773415050.1866908,4,device-1,allow,0,active,,,,0
run_74,1773415050.1866908,4,device-2,allow,0,active,,,,0
run_74,1773415050.1866908,4,device-3,allow,0,active,,,,0
run_74,1773415055.196194,5,device-1,allow,0,active,,,,0
run_74,1773415055.196194,5,device-2,allow,0,active,,,,0
run_74,1773415055.196194,5,device-3,allow,0,active,,,,0
run_74,1773415060.2050304,6,device-1,allow,0,active,,,,0
run_74,1773415060.2050304,6,device-2,allow,0,active,,,,0
run_74,1773415060.2050304,6,device-3,allow,0,active,,,,0
run_74,1773415065.2151172,7,device-1,allow,0,active,,,,0
run_74,1773415065.2151172,7,device-2,allow,0,active,,,,0
run_74,1773415065.2151172,7,device-3,allow,0,active,,,,0
run_75,1773415075.380259,2,device-1,allow,0,active,,,,0
run_75,1773415075.380259,2,device-2,allow,0,active,,,,0
run_75,1773415075.380259,2,device-3,allow,0,active,,,,0
run_75,1773415080.3883843,3,device-1,allow,0,active,,,,0
run_75,1773415080.3883843,3,device-2,allow,0,active,,,,0
run_75,1773415080.3883843,3,device-3,allow,0,active,,,,0
run_75,1773415085.3971095,4,device-1,allow,0,active,,,,0
run_75,1773415085.3971095,4,device-2,allow,0,active,,,,0
run_75,1773415085.3971095,4,device-3,allow,0,active,,,,0
run_75,1773415090.4060948,5,device-1,allow,0,active,,,,0
run_75,1773415090.4060948,5,device-2,allow,0,active,,,,0
run_75,1773415090.4060948,5,device-3,allow,0,active,,,,0
run_75,1773415095.4166775,6,device-1,allow,0,active,,,,0
run_75,1773415095.4166775,6,device-2,allow,0,active,,,,0
run_75,1773415095.4166775,6,device-3,allow,0,active,,,,0
run_75,1773415100.4250977,7,device-1,allow,0,active,,,,0
run_75,1773415100.4250977,7,device-2,allow,0,active,,,,0
run_75,1773415100.4250977,7,device-3,allow,0,active,,,,0
run_76,1773415110.2918658,2,device-1,allow,0,active,,,,0
run_76,1773415110.2918658,2,device-2,allow,0,active,,,,0
run_76,1773415110.2918658,2,device-3,allow,0,active,,,,0
run_76,1773415115.3003402,3,device-1,allow,0,active,,,,0
run_76,1773415115.3003402,3,device-2,allow,0,active,,,,0
run_76,1773415115.3003402,3,device-3,allow,0,active,,,,0
run_76,1773415120.3092475,4,device-1,allow,0,active,,,,0
run_76,1773415120.3092475,4,device-2,allow,0,active,,,,0
run_76,1773415120.3092475,4,device-3,allow,0,active,,,,0
run_76,1773415125.3182065,5,device-1,quarantine,1,active,traffic_rate,74.088,70.0,3
run_76,1773415125.3182065,5,device-2,allow,0,active,,,,0
run_76,1773415125.3182065,5,device-3,quarantine,1,active,traffic_rate,75.6864,70.0,3
run_76,1773415130.3399863,6,device-2,allow,0,active,,,,0
run_76,1773415135.3501508,7,device-2,allow,0,active,,,,0
run_77,1773415145.3818302,2,device-1,allow,0,active,,,,0
run_77,1773415145.3818302,2,device-2,allow,0,active,,,,0
run_77,1773415145.3818302,2,device-3,allow,0,active,,,,0
run_77,1773415150.389489,3,device-1,allow,0,active,,,,0
run_77,1773415150.389489,3,device-2,allow,0,active,,,,0
run_77,1773415150.389489,3,device-3,allow,0,active,,,,0
run_77,1773415155.399271,4,device-1,allow,0,active,,,,0
run_77,1773415155.399271,4,device-2,allow,0,active,,,,0
run_77,1773415155.399271,4,device-3,allow,0,active,,,,0
run_77,1773415160.4085484,5,device-1,allow,0,active,,,,0
run_77,1773415160.4085484,5,device-2,allow,0,active,,,,0
run_77,1773415160.4085484,5,device-3,allow,0,active,,,,0
run_77,1773415165.4175315,6,device-1,allow,0,active,,,,0
run_77,1773415165.4175315,6,device-2,allow,0,active,,,,0
run_77,1773415165.4175315,6,device-3,allow,0,active,,,,0
run_77,1773415170.427118,7,device-1,allow,0,active,,,,0
run_77,1773415170.427118,7,device-2,allow,0,active,,,,0
run_77,1773415170.427118,7,device-3,allow,0,active,,,,0
run_78,1773415180.4426677,2,device-1,allow,0,active,,,,0
run_78,1773415180.4426677,2,device-2,allow,0,active,,,,0
run_78,1773415180.4426677,2,device-3,allow,0,active,,,,0
run_78,1773415185.450614,3,device-1,allow,0,active,,,,0
run_78,1773415185.450614,3,device-2,allow,0,active,,,,0
run_78,1773415185.450614,3,device-3,allow,0,active,,,,0
run_78,1773415190.4594898,4,device-1,allow,0,active,,,,0
run_78,1773415190.4594898,4,device-2,allow,0,active,,,,0
run_78,1773415190.4594898,4,device-3,allow,0,active,,,,0
run_78,1773415195.468567,5,device-1,quarantine,1,active,traffic_rate,91.3791,70.0,5
run_78,1773415195.468567,5,device-2,allow,0,active,,,,0
run_78,1773415195.468567,5,device-3,quarantine,1,active,traffic_rate,92.6943,70.0,4
run_78,1773415200.4909003,6,device-2,allow,0,active,,,,0
run_78,1773415205.4998062,7,device-2,allow,0,active,,,,0
run_79,1773415215.5350688,2,device-1,allow,0,active,,,,0
run_79,1773415215.5350688,2,device-2,allow,0,active,,,,0
run_79,1773415215.5350688,2,device-3,allow,0,active,,,,0
run_79,1773415220.5426896,3,device-1,allow,0,active,,,,0
run_79,1773415220.5426896,3,device-2,allow,0,active,,,,0
run_79,1773415220.5426896,3,device-3,allow,0,active,,,,0
run_79,1773415225.5508447,4,device-1,allow,0,active,,,,0
run_79,1773415225.5508447,4,device-2,allow,0,active,,,,0
run_79,1773415225.5508447,4,device-3,allow,0,active,,,,0
run_79,1773415230.5593011,5,device-1,allow,0,active,,,,0
run_79,1773415230.5593011,5,device-2,allow,0,active,,,,0
run_79,1773415230.5593011,5,device-3,quarantine,1,active,traffic_rate,85.9775,70.0,4
run_79,1773415235.5748215,6,device-1,allow,0,active,,,,0
run_79,1773415235.5748215,6,device-2,allow,0,active,,,,0
run_79,1773415240.5828903,7,device-1,allow,0,active,,,,0
run_79,1773415240.5828903,7,device-2,allow,0,active,,,,0
run_80,1773415250.6301675,2,device-1,allow,0,active,,,,0
run_80,1773415250.6301675,2,device-2,allow,0,active,,,,0
run_80,1773415250.6301675,2,device-3,allow,0,active,,,,0
run_80,1773415255.6383574,3,device-1,allow,0,active,,,,0
run_80,1773415255.6383574,3,device-2,allow,0,active,,,,0
run_80,1773415255.6383574,3,device-3,allow,0,active,,,,0
run_80,1773415260.6468618,4,device-1,allow,0,active,,,,0
run_80,1773415260.6468618,4,device-2,allow,0,active,,,,0
run_80,1773415260.6468618,4,device-3,allow,0,active,,,,0
run_80,1773415265.656007,5,device-1,allow,0,active,,,,0
run_80,1773415265.656007,5,device-2,allow,0,active,,,,0
run_80,1773415265.656007,5,device-3,allow,0,active,,,,0
run_80,1773415270.6652646,6,device-1,allow,0,active,,,,0
run_80,1773415270.6652646,6,device-2,allow,0,active,,,,0
run_80,1773415270.6652646,6,device-3,allow,0,active,,,,0
run_80,1773415275.6739905,7,device-1,allow,0,active,,,,0
run_80,1773415275.6739905,7,device-2,allow,0,active,,,,0
run_80,1773415275.6739905,7,device-3,allow,0,active,,,,0
run_81,1773415285.751328,2,device-1,allow,0,active,,,,0
run_81,1773415285.751328,2,device-2,allow,0,active,,,,0
run_81,1773415285.751328,2,device-3,allow,0,active,,,,0
run_81,1773415290.761406,3,device-1,allow,0,active,,,,0
run_81,1773415290.761406,3,device-2,allow,0,active,,,,0
run_81,1773415290.761406,3,device-3,allow,0,active,,,,0
run_81,1773415295.7713425,4,device-1,allow,0,active,,,,0
run_81,1773415295.7713425,4,device-2,allow,0,active,,,,0
run_81,1773415295.7713425,4,device-3,allow,0,active,,,,0
run_81,1773415300.780966,5,device-1,allow,0,active,,,,0
run_81,1773415300.780966,5,device-2,allow,0,active,,,,0
run_81,1773415300.780966,5,device-3,allow,0,active,,,,0
run_81,1773415305.7914891,6,device-1,allow,0,active,,,,0
run_81,1773415305.7914891,6,device-2,allow,0,active,,,,0
run_81,1773415305.7914891,6,device-3,allow,0,active,,,,0
run_81,1773415310.7995172,7,device-1,allow,0,active,,,,0
run_81,1773415310.7995172,7,device-2,allow,0,active,,,,0
run_81,1773415310.7995172,7,device-3,allow,0,active,,,,0
run_82,1773415320.707368,2,device-1,allow,0,active,,,,0
run_82,1773415320.707368,2,device-2,allow,0,active,,,,0
run_82,1773415320.707368,2,device-3,allow,0,active,,,,0
run_82,1773415325.7167213,3,device-1,allow,0,active,,,,0
run_82,1773415325.7167213,3,device-2,allow,0,active,,,,0
run_82,1773415325.7167213,3,device-3,allow,0,active,,,,0
run_82,1773415330.7275367,4,device-1,allow,0,active,,,,0
run_82,1773415330.7275367,4,device-2,allow,0,active,,,,0
run_82,1773415330.7275367,4,device-3,allow,0,active,,,,0
run_82,1773415335.7361457,5,device-1,allow,0,active,,,,0
run_82,1773415335.7361457,5,device-2,allow,0,active,,,,0
run_82,1773415335.7361457,5,device-3,quarantine,1,active,traffic_rate,78.1312,70.0,3
run_82,1773415340.7517552,6,device-1,allow,0,active,,,,0
run_82,1773415340.7517552,6,device-2,allow,0,active,,,,0
run_82,1773415345.7601423,7,device-1,allow,0,active,,,,0
run_82,1773415345.7601423,7,device-2,allow,0,active,,,,0
run_83,1773415355.8525796,2,device-1,allow,0,active,,,,0
run_83,1773415355.8525796,2,device-2,allow,0,active,,,,0
run_83,1773415355.8525796,2,device-3,allow,0,active,,,,0
run_83,1773415360.8610117,3,device-1,allow,0,active,,,,0
run_83,1773415360.8610117,3,device-2,allow,0,active,,,,0
run_83,1773415360.8610117,3,device-3,allow,0,active,,,,0
run_83,1773415365.8700848,4,device-1,allow,0,active,,,,0
run_83,1773415365.8700848,4,device-2,allow,0,active,,,,0
run_83,1773415365.8700848,4,device-3,allow,0,active,,,,0
run_83,1773415370.8796504,5,device-1,allow,0,active,,,,0
run_83,1773415370.8796504,5,device-2,allow,0,active,,,,0
run_83,1773415370.8796504,5,device-3,allow,0,active,,,,0
run_83,1773415375.8883276,6,device-1,allow,0,active,,,,0
run_83,1773415375.8883276,6,device-2,allow,0,active,,,,0
run_83,1773415375.8883276,6,device-3,allow,0,active,,,,0
run_83,1773415380.900357,7,device-1,allow,0,active,,,,0
run_83,1773415380.900357,7,device-2,allow,0,active,,,,0
run_83,1773415380.900357,7,device-3,allow,0,active,,,,0
run_84,1773415390.9853017,2,device-1,allow,0,active,,,,0
run_84,1773415390.9853017,2,device-2,allow,0,active,,,,0
run_84,1773415390.9853017,2,device-3,allow,0,active,,,,0
run_84,1773415395.9941409,3,device-1,allow,0,active,,,,0
run_84,1773415395.9941409,3,device-2,allow,0,active,,,,0
run_84,1773415395.9941409,3,device-3,allow,0,active,,,,0
run_84,1773415401.0038073,4,device-1,allow,0,active,,,,0
run_84,1773415401.0038073,4,device-2,allow,0,active,,,,0
run_84,1773415401.0038073,4,device-3,allow,0,active,,,,0
run_84,1773415406.0137627,5,device-1,allow,0,active,,,,0
run_84,1773415406.0137627,5,device-2,allow,0,active,,,,0
run_84,1773415406.0137627,5,device-3,allow,0,active,,,,0
run_84,1773415411.0228474,6,device-1,allow,0,active,,,,0
run_84,1773415411.0228474,6,device-2,allow,0,active,,,,0
run_84,1773415411.0228474,6,device-3,allow,0,active,,,,0
run_84,1773415416.031453,7,device-1,allow,0,active,,,,0
run_84,1773415416.031453,7,device-2,allow,0,active,,,,0
run_84,1773415416.031453,7,device-3,allow,0,active,,,,0
run_85,1773415426.0800948,2,device-1,allow,0,active,,,,0
run_85,1773415426.0800948,2,device-2,allow,0,active,,,,0
run_85,1773415426.0800948,2,device-3,allow,0,active,,,,0
run_85,1773415431.08874,3,device-1,allow,0,active,,,,0
run_85,1773415431.08874,3,device-2,allow,0,active,,,,0
run_85,1773415431.08874,3,device-3,allow,0,active,,,,0
run_85,1773415436.0979872,4,device-1,allow,0,active,,,,0
run_85,1773415436.0979872,4,device-2,allow,0,active,,,,0
run_85,1773415436.0979872,4,device-3,allow,0,active,,,,0
run_85,1773415441.10698,5,device-1,quarantine,1,active,cpu_load,71.0332,70.0,1
run_85,1773415441.10698,5,device-2,allow,0,active,,,,0
run_85,1773415441.10698,5,device-3,quarantine,1,active,traffic_rate,73.6229,70.0,3
run_85,1773415446.1327934,6,device-2,allow,0,active,,,,0
run_85,1773415451.1420953,7,device-2,allow,0,active,,,,0
run_86,1773415461.1508143,2,device-1,allow,0,active,,,,0
run_86,1773415461.1508143,2,device-2,allow,0,active,,,,0
run_86,1773415461.1508143,2,device-3,allow,0,active,,,,0
run_86,1773415466.1590683,3,device-1,allow,0,active,,,,0
run_86,1773415466.1590683,3,device-2,allow,0,active,,,,0
run_86,1773415466.1590683,3,device-3,allow,0,active,,,,0
run_86,1773415471.1689367,4,device-1,allow,0,active,,,,0
run_86,1773415471.1689367,4,device-2,allow,0,active,,,,0
run_86,1773415471.1689367,4,device-3,allow,0,active,,,,0
run_86,1773415476.179358,5,device-1,allow,0,active,,,,0
run_86,1773415476.179358,5,device-2,allow,0,active,,,,0
run_86,1773415476.179358,5,device-3,allow,0,active,,,,0
run_86,1773415481.1885426,6,device-1,allow,0,active,,,,0
run_86,1773415481.1885426,6,device-2,allow,0,active,,,,0
run_86,1773415481.1885426,6,device-3,allow,0,active,,,,0
run_86,1773415486.1971233,7,device-1,allow,0,active,,,,0
run_86,1773415486.1971233,7,device-2,allow,0,active,,,,0
run_86,1773415486.1971233,7,device-3,allow,0,active,,,,0
run_87,1773415496.2659283,2,device-1,allow,0,active,,,,0
run_87,1773415496.2659283,2,device-2,allow,0,active,,,,0
run_87,1773415496.2659283,2,device-3,allow,0,active,,,,0
run_87,1773415501.2737901,3,device-1,allow,0,active,,,,0
run_87,1773415501.2737901,3,device-2,allow,0,active,,,,0
run_87,1773415501.2737901,3,device-3,allow,0,active,,,,0
run_87,1773415506.2828627,4,device-1,allow,0,active,,,,0
run_87,1773415506.2828627,4,device-2,allow,0,active,,,,0
run_87,1773415506.2828627,4,device-3,allow,0,active,,,,0
run_87,1773415511.2928052,5,device-1,allow,0,active,,,,0
run_87,1773415511.2928052,5,device-2,quarantine,1,active,traffic_rate,88.2303,70.0,4
run_87,1773415511.2928052,5,device-3,allow,0,active,,,,0
run_87,1773415516.3099594,6,device-1,allow,0,active,,,,0
run_87,1773415516.3099594,6,device-3,allow,0,active,,,,0
run_87,1773415521.318778,7,device-1,allow,0,active,,,,0
run_87,1773415521.318778,7,device-3,allow,0,active,,,,0
run_88,1773415531.4557064,2,device-1,allow,0,active,,,,0
run_88,1773415531.4557064,2,device-2,allow,0,active,,,,0
run_88,1773415531.4557064,2,device-3,allow,0,active,,,,0
run_88,1773415536.463899,3,device-1,allow,0,active,,,,0
run_88,1773415536.463899,3,device-2,allow,0,active,,,,0
run_88,1773415536.463899,3,device-3,allow,0,active,,,,0
run_88,1773415541.4720225,4,device-1,allow,0,active,,,,0
run_88,1773415541.4720225,4,device-2,allow,0,active,,,,0
run_88,1773415541.4720225,4,device-3,allow,0,active,,,,0
run_88,1773415546.4812255,5,device-1,allow,0,active,,,,0
run_88,1773415546.4812255,5,device-2,allow,0,active,,,,0
run_88,1773415546.4812255,5,device-3,allow,0,active,,,,0
run_88,1773415551.4896002,6,device-1,allow,0,active,,,,0
run_88,1773415551.4896002,6,device-2,allow,0,active,,,,0
run_88,1773415551.4896002,6,device-3,allow,0,active,,,,0
run_88,1773415556.4979677,7,device-1,allow,0,active,,,,0
run_88,1773415556.4979677,7,device-2,allow,0,active,,,,0
run_88,1773415556.4979677,7,device-3,allow,0,active,,,,0
run_89,1773415566.6247542,2,device-1,allow,0,active,,,,0
run_89,1773415566.6247542,2,device-2,allow,0,active,,,,0
run_89,1773415566.6247542,2,device-3,allow,0,active,,,,0
run_89,1773415571.6327991,3,device-1,allow,0,active,,,,0
run_89,1773415571.6327991,3,device-2,allow,0,active,,,,0
run_89,1773415571.6327991,3,device-3,allow,0,active,,,,0
run_89,1773415576.6407409,4,device-1,allow,0,active,,,,0
run_89,1773415576.6407409,4,device-2,allow,0,active,,,,0
run_89,1773415576.6407409,4,device-3,allow,0,active,,,,0
run_89,1773415581.6508825,5,device-1,allow,0,active,,,,0
run_89,1773415581.6508825,5,device-2,allow,0,active,,,,0
run_89,1773415581.6508825,5,device-3,allow,0,active,,,,0
run_89,1773415586.6597784,6,device-1,allow,0,active,,,,0
run_89,1773415586.6597784,6,device-2,allow,0,active,,,,0
run_89,1773415586.6597784,6,device-3,allow,0,active,,,,0
run_89,1773415591.6683118,7,device-1,allow,0,active,,,,0
run_89,1773415591.6683118,7,device-2,allow,0,active,,,,0
run_89,1773415591.6683118,7,device-3,allow,0,active,,,,0
run_90,1773415601.7536242,2,device-1,allow,0,active,,,,0
run_90,1773415601.7536242,2,device-2,allow,0,active,,,,0
run_90,1773415601.7536242,2,device-3,allow,0,active,,,,0
run_90,1773415606.7630546,3,device-1,allow,0,active,,,,0
run_90,1773415606.7630546,3,device-2,allow,0,active,,,,0
run_90,1773415606.7630546,3,device-3,allow,0,active,,,,0
run_90,1773415611.7712538,4,device-1,allow,0,active,,,,0
run_90,1773415611.7712538,4,device-2,allow,0,active,,,,0
run_90,1773415611.7712538,4,device-3,allow,0,active,,,,0
run_90,1773415616.782637,5,device-1,allow,0,active,,,,0
run_90,1773415616.782637,5,device-2,allow,0,active,,,,0
run_90,1773415616.782637,5,device-3,allow,0,active,,,,0
run_90,1773415621.7933629,6,device-1,allow,0,active,,,,0
run_90,1773415621.7933629,6,device-2,allow,0,active,,,,0
run_90,1773415621.7933629,6,device-3,allow,0,active,,,,0
run_90,1773415626.8034751,7,device-1,allow,0,active,,,,0
run_90,1773415626.8034751,7,device-2,allow,0,active,,,,0
run_90,1773415626.8034751,7,device-3,allow,0,active,,,,0
run_91,1773415636.983952,2,device-1,allow,0,active,,,,0
run_91,1773415636.983952,2,device-2,allow,0,active,,,,0
run_91,1773415636.983952,2,device-3,allow,0,active,,,,0
run_91,1773415641.9946203,3,device-1,allow,0,active,,,,0
run_91,1773415641.9946203,3,device-2,allow,0,active,,,,0
run_91,1773415641.9946203,3,device-3,allow,0,active,,,,0
run_91,1773415647.0035598,4,device-1,allow,0,active,,,,0
run_91,1773415647.0035598,4,device-2,allow,0,active,,,,0
run_91,1773415647.0035598,4,device-3,allow,0,active,,,,0
run_91,1773415652.013728,5,device-1,allow,0,active,,,,0
run_91,1773415652.013728,5,device-2,allow,0,active,,,,0
run_91,1773415652.013728,5,device-3,allow,0,active,,,,0
run_91,1773415657.0219223,6,device-1,allow,0,active,,,,0
run_91,1773415657.0219223,6,device-2,allow,0,active,,,,0
run_91,1773415657.0219223,6,device-3,allow,0,active,,,,0
run_91,1773415662.0301206,7,device-1,allow,0,active,,,,0
run_91,1773415662.0301206,7,device-2,allow,0,active,,,,0
run_91,1773415662.0301206,7,device-3,allow,0,active,,,,0
run_92,1773415672.0941486,2,device-1,allow,0,active,,,,0
run_92,1773415672.0941486,2,device-2,allow,0,active,,,,0
run_92,1773415672.0941486,2,device-3,allow,0,active,,,,0
run_92,1773415677.1018803,3,device-1,allow,0,active,,,,0
run_92,1773415677.1018803,3,device-2,allow,0,active,,,,0
run_92,1773415677.1018803,3,device-3,allow,0,active,,,,0
run_92,1773415682.1100845,4,device-1,allow,0,active,,,,0
run_92,1773415682.1100845,4,device-2,allow,0,active,,,,0
run_92,1773415682.1100845,4,device-3,allow,0,active,,,,0
run_92,1773415687.125085,5,device-1,allow,0,active,,,,0
run_92,1773415687.125085,5,device-2,allow,0,active,,,,0
run_92,1773415687.125085,5,device-3,allow,0,active,,,,0
run_92,1773415692.1334708,6,device-1,allow,0,active,,,,0
run_92,1773415692.1334708,6,device-2,allow,0,active,,,,0
run_92,1773415692.1334708,6,device-3,allow,0,active,,,,0
run_92,1773415697.1420903,7,device-1,allow,0,active,,,,0
run_92,1773415697.1420903,7,device-2,allow,0,active,,,,0
run_92,1773415697.1420903,7,device-3,allow,0,active,,,,0
run_93,1773415707.1812375,2,device-1,allow,0,active,,,,0
run_93,1773415707.1812375,2,device-2,allow,0,active,,,,0
run_93,1773415707.1812375,2,device-3,allow,0,active,,,,0
run_93,1773415712.1890066,3,device-1,allow,0,active,,,,0
run_93,1773415712.1890066,3,device-2,allow,0,active,,,,0
run_93,1773415712.1890066,3,device-3,allow,0,active,,,,0
run_93,1773415717.199024,4,device-1,allow,0,active,,,,0
run_93,1773415717.199024,4,device-2,allow,0,active,,,,0
run_93,1773415717.199024,4,device-3,allow,0,active,,,,0
run_93,1773415722.207954,5,device-1,allow,0,active,,,,0
run_93,1773415722.207954,5,device-2,allow,0,active,,,,0
run_93,1773415722.207954,5,device-3,allow,0,active,,,,0
run_93,1773415727.2168126,6,device-1,allow,0,active,,,,0
run_93,1773415727.2168126,6,device-2,allow,0,active,,,,0
run_93,1773415727.2168126,6,device-3,allow,0,active,,,,0
run_93,1773415732.226304,7,device-1,allow,0,active,,,,0
run_93,1773415732.226304,7,device-2,allow,0,active,,,,0
run_93,1773415732.226304,7,device-3,allow,0,active,,,,0
run_94,1773415742.2461615,2,device-1,allow,0,active,,,,0
run_94,1773415742.2461615,2,device-2,allow,0,active,,,,0
run_94,1773415742.2461615,2,device-3,allow,0,active,,,,0
run_94,1773415747.2541373,3,device-1,allow,0,active,,,,0
run_94,1773415747.2541373,3,device-2,allow,0,active,,,,0
run_94,1773415747.2541373,3,device-3,allow,0,active,,,,0
run_94,1773415752.2630246,4,device-1,allow,0,active,,,,0
run_94,1773415752.2630246,4,device-2,allow,0,active,,,,0
run_94,1773415752.2630246,4,device-3,allow,0,active,,,,0
run_94,1773415757.272803,5,device-1,allow,0,active,,,,0
run_94,1773415757.272803,5,device-2,quarantine,1,active,traffic_rate,91.5242,70.0,4
run_94,1773415757.272803,5,device-3,allow,0,active,,,,0
run_94,1773415762.2895052,6,device-1,allow,0,active,,,,0
run_94,1773415762.2895052,6,device-3,allow,0,active,,,,0
run_94,1773415767.2986493,7,device-1,allow,0,active,,,,0
run_94,1773415767.2986493,7,device-3,allow,0,active,,,,0
run_95,1773415777.384982,2,device-1,allow,0,active,,,,0
run_95,1773415777.384982,2,device-2,allow,0,active,,,,0
run_95,1773415777.384982,2,device-3,allow,0,active,,,,0
run_95,1773415782.3935866,3,device-1,allow,0,active,,,,0
run_95,1773415782.3935866,3,device-2,allow,0,active,,,,0
run_95,1773415782.3935866,3,device-3,allow,0,active,,,,0
run_95,1773415787.4022872,4,device-1,allow,0,active,,,,0
run_95,1773415787.4022872,4,device-2,allow,0,active,,,,0
run_95,1773415787.4022872,4,device-3,allow,0,active,,,,0
run_95,1773415792.4131486,5,device-1,quarantine,1,active,traffic_rate,88.0588,70.0,5
run_95,1773415792.4131486,5,device-2,allow,0,active,,,,0
run_95,1773415792.4131486,5,device-3,allow,0,active,,,,0
run_95,1773415797.4294994,6,device-2,allow,0,active,,,,0
run_95,1773415797.4294994,6,device-3,allow,0,active,,,,0
run_95,1773415802.4376447,7,device-2,allow,0,active,,,,0
run_95,1773415802.4376447,7,device-3,allow,0,active,,,,0
run_96,1773415812.4976974,2,device-1,allow,0,active,,,,0
run_96,1773415812.4976974,2,device-2,allow,0,active,,,,0
run_96,1773415812.4976974,2,device-3,allow,0,active,,,,0
run_96,1773415817.50555,3,device-1,allow,0,active,,,,0
run_96,1773415817.50555,3,device-2,allow,0,active,,,,0
run_96,1773415817.50555,3,device-3,allow,0,active,,,,0
run_96,1773415822.5133653,4,device-1,allow,0,active,,,,0
run_96,1773415822.5133653,4,device-2,allow,0,active,,,,0
run_96,1773415822.5133653,4,device-3,allow,0,active,,,,0
run_96,1773415827.5224218,5,device-1,allow,0,active,,,,0
run_96,1773415827.5224218,5,device-2,quarantine,1,active,traffic_rate,92.4638,70.0,4
run_96,1773415827.5224218,5,device-3,quarantine,1,active,traffic_rate,90.8428,70.0,4
run_96,1773415832.5436523,6,device-1,allow,0,active,,,,0
run_96,1773415837.5532844,7,device-1,allow,0,active,,,,0
run_97,1773415847.7036526,2,device-1,allow,0,active,,,,0
run_97,1773415847.7036526,2,device-2,allow,0,active,,,,0
run_97,1773415847.7036526,2,device-3,allow,0,active,,,,0
run_97,1773415852.7127035,3,device-1,allow,0,active,,,,0
run_97,1773415852.7127035,3,device-2,allow,0,active,,,,0
run_97,1773415852.7127035,3,device-3,allow,0,active,,,,0
run_97,1773415857.7215948,4,device-1,allow,0,active,,,,0
run_97,1773415857.7215948,4,device-2,allow,0,active,,,,0
run_97,1773415857.7215948,4,device-3,allow,0,active,,,,0
run_97,1773415862.731097,5,device-1,allow,0,active,,,,0
run_97,1773415862.731097,5,device-2,allow,0,active,,,,0
run_97,1773415862.731097,5,device-3,quarantine,1,active,traffic_rate,73.722,70.0,2
run_97,1773415867.749308,6,device-1,allow,0,active,,,,0
run_97,1773415867.749308,6,device-2,allow,0,active,,,,0
run_97,1773415872.7593288,7,device-1,allow,0,active,,,,0
run_97,1773415872.7593288,7,device-2,allow,0,active,,,,0
run_98,1773415882.841825,2,device-1,allow,0,active,,,,0
run_98,1773415882.841825,2,device-2,allow,0,active,,,,0
run_98,1773415882.841825,2,device-3,allow,0,active,,,,0
run_98,1773415887.8503168,3,device-1,allow,0,active,,,,0
run_98,1773415887.8503168,3,device-2,allow,0,active,,,,0
run_98,1773415887.8503168,3,device-3,allow,0,active,,,,0
run_98,1773415892.8583846,4,device-1,allow,0,active,,,,0
run_98,1773415892.8583846,4,device-2,allow,0,active,,,,0
run_98,1773415892.8583846,4,device-3,allow,0,active,,,,0
run_98,1773415897.867154,5,device-1,quarantine,1,active,traffic_rate,90.729,70.0,5
run_98,1773415897.867154,5,device-2,allow,0,active,,,,0
run_98,1773415897.867154,5,device-3,allow,0,active,,,,0
run_98,1773415902.8838143,6,device-2,allow,0,active,,,,0
run_98,1773415902.8838143,6,device-3,allow,0,active,,,,0
run_98,1773415907.8947215,7,device-2,allow,0,active,,,,0
run_98,1773415907.8947215,7,device-3,allow,0,active,,,,0
run_99,1773415917.9400136,2,device-1,allow,0,active,,,,0
run_99,1773415917.9400136,2,device-2,allow,0,active,,,,0
run_99,1773415917.9400136,2,device-3,allow,0,active,,,,0
run_99,1773415922.948234,3,device-1,allow,0,active,,,,0
run_99,1773415922.948234,3,device-2,allow,0,active,,,,0
run_99,1773415922.948234,3,device-3,allow,0,active,,,,0
run_99,1773415927.9574232,4,device-1,allow,0,active,,,,0
run_99,1773415927.9574232,4,device-2,allow,0,active,,,,0
run_99,1773415927.9574232,4,device-3,allow,0,active,,,,0
run_99,1773415932.9663048,5,device-1,quarantine,1,active,traffic_rate,79.2537,70.0,3
run_99,1773415932.9663048,5,device-2,allow,0,active,,,,0
run_99,1773415932.9663048,5,device-3,quarantine,1,active,traffic_rate,78.3826,70.0,3
run_99,1773415937.9872997,6,device-2,allow,0,active,,,,0
run_99,1773415942.9963198,7,device-2,allow,0,active,,,,0
run_100,1773415953.0804298,2,device-1,allow,0,active,,,,0
run_100,1773415953.0804298,2,device-2,allow,0,active,,,,0
run_100,1773415953.0804298,2,device-3,allow,0,active,,,,0
run_100,1773415958.0899096,3,device-1,allow,0,active,,,,0
run_100,1773415958.0899096,3,device-2,allow,0,active,,,,0
run_100,1773415958.0899096,3,device-3,allow,0,active,,,,0
run_100,1773415963.098478,4,device-1,allow,0,active,,,,0
run_100,1773415963.098478,4,device-2,allow,0,active,,,,0
run_100,1773415963.098478,4,device-3,allow,0,active,,,,0
run_100,1773415968.1075463,5,device-1,quarantine,1,active,traffic_rate,89.2191,70.0,5
run_100,1773415968.1075463,5,device-2,quarantine,1,active,traffic_rate,93.2635,70.0,4
run_100,1773415968.1075463,5,device-3,allow,0,active,,,,0
run_100,1773415973.129471,6,device-3,allow,0,active,,,,0
run_100,1773415978.137724,7,device-3,allow,0,active,,,,0
